collection_name,dataset_name,Seed,affiliation_f1,affiliation_f1_gt_contamination,roc_vus,pr_vus,fbeta,fbeta_05,fbeta_2,Time fit (s),Time predict (s),Peak memory fit (KiB),Peak memory predict (KiB)
Demo,Demo1,0.0,0.9771849625315715,0.999627201593974,0.9994780280850414,0.993251903889099,0.4946236559139785,0.3795379537953795,0.7098765432098766,0.41907,0.15709,2028.56445,1340.63672
Demo,Demo2,0.0,0.9203975973223611,0.9995469277595005,0.9996922236966114,0.9927813236906415,0.3216783216783217,0.22862823061630222,0.5424528301886793,1.20289,0.52336,3500.25195,2338.43359
Demo,Demo3,0.0,0.9796268401977786,0.657395635225016,0.9930533554344878,0.9200673252258501,0.7267904509283819,0.6244302643573383,0.8692893401015228,1.05948,0.55496,3495.19336,2338.43359
Demo,Demo4,0.0,0.9856071975114351,0.990702669920778,0.9984018146963445,0.9822188390999749,0.8206388206388207,0.7409050576752441,0.9196035242290749,0.84076,0.63314,3498.22852,2338.43359
Dodgers,101-freeway-traffic,0.0,0.48432358661910474,0.48634516642179526,0.5293067457465785,0.3041461733369418,0.09782200525722867,0.10107869005121838,0.09476862630966239,5259.67717,808.2151,151083.94629,100942.00488
IOPS,0efb375b-b902-3661-ab23-9a0bb799f4e3,0.0,0.3712103814075178,0.20281162301889924,0.6800854576301969,0.09984114744386492,0.01263157894736842,0.008363534987454698,0.025795356835769563,26.91137,12.22781,13243.82617,8793.18359
IOPS,301c70d8-1630-35ac-8f96-bc1b6f4359ea,0.0,0.3051016137281692,0.11910010668628362,0.6882919472459208,0.35250901719469063,0.04423963133640553,0.032240730789897906,0.07046388725778038,31.85519,13.25129,13243.82617,8793.18359
IOPS,54350a12-7a9d-3ca8-b81f-f886b9d156fd,0.0,0.7669962894056702,0.6600097713031812,0.9767148833668781,0.7815982415580534,0.23218390804597705,0.16001267427122942,0.42294807370184256,32.45311,11.38744,13373.27539,7606.93359
IOPS,a8c06b47-cc41-3738-9110-12df0ee4c721,0.0,0.7756349850531765,0.3325555967961336,0.9471360439028729,0.7020148772426723,0.25536723163841807,0.17885406774295662,0.44628751974723535,27.24618,7.26414,13367.16992,7568.33984
IOPS,ab216663-dcc2-3a24-b1ee-2c3e550e06c9,0.0,0.4053121203348086,0.10764986375633792,0.5154350753847871,0.14116626955718822,0.05691699604743083,0.04000889086463658,0.09857612267250822,44.89962,16.01542,16849.86133,10820.37109
IOPS,c02607e8-7399-3dde-9d28-8a8da5e5d251,0.0,0.2847768437749742,0.17769748622315307,0.35240815027592065,0.044314505642413723,0.0,0.0,0.0,27.26089,9.17168,13245.84961,8793.18359
IOPS,e0747cad-8dc8-38a9-a9ab-855b61f5551d,0.0,0.3502194758288285,0.06332377981248045,0.6041659107385298,0.1626482400743966,0.056281407035175875,0.03854625550660794,0.10424422933730457,24.01033,8.5755,13248.88477,8793.18359
KDD-TSAD,001_UCR_Anomaly_DISTORTED1sddb40,0.0,0.8271527701024345,0.8271527701024345,0.7217796703950818,0.5081155899525115,0.02732902827672845,0.017257504230872005,0.06563207926661445,909.42805,865.96147,70976.20117,80913.73047
KDD-TSAD,002_UCR_Anomaly_DISTORTED2sddb40,0.0,0.8363834079041258,0.8363834079041258,0.7201455238091465,0.0045204110508052795,0.013259375483414734,0.008328521298805134,0.03250200429026456,899.46696,860.16838,70976.20117,81122.94922
KDD-TSAD,003_UCR_Anomaly_DISTORTED3sddb40,0.0,0.791220229601002,0.791220229601002,0.719683736786559,0.0045154888254388455,0.013245033112582783,0.008319467554076539,0.03246753246753247,765.37835,875.26037,70976.20117,81121.93359
KDD-TSAD,004_UCR_Anomaly_DISTORTEDBIDMC1,0.0,0.7345198619476213,0.7345198619476213,0.6187938986899174,0.5180231761346762,0.04597701149425288,0.029239766081871347,0.1075268817204301,1.44209,5.88712,4841.59961,11043.80859
KDD-TSAD,005_UCR_Anomaly_DISTORTEDCIMIS44AirTemperature1,0.0,0.891817612318296,0.8507453524063242,0.9219643961641507,0.03841396327037575,0.0024390243902439024,0.0015257857796765334,0.006075334143377886,7.24594,8.08974,7886.35742,8183.80859
KDD-TSAD,006_UCR_Anomaly_DISTORTEDCIMIS44AirTemperature2,0.0,0.9026623228481779,0.9007119319583742,0.9142932135531099,0.11450389089710654,0.056939501779359435,0.03636363636363637,0.13114754098360656,6.90987,7.78831,7886.35742,8183.80859
KDD-TSAD,007_UCR_Anomaly_DISTORTEDCIMIS44AirTemperature3,0.0,0.8975657598625505,0.802724781763764,0.9635638797598811,0.1524169362969868,0.056939501779359435,0.03636363636363637,0.13114754098360656,6.76784,6.82292,7886.35742,8183.80859
KDD-TSAD,008_UCR_Anomaly_DISTORTEDCIMIS44AirTemperature4,0.0,0.9081011831723472,0.8098623040025108,0.9470385466932096,0.09615794265311203,0.09457900807381776,0.061672683513838755,0.20276953511374876,7.31841,7.31443,7944.38184,8186.01172
KDD-TSAD,009_UCR_Anomaly_DISTORTEDCIMIS44AirTemperature5,0.0,0.8665148689368457,0.9968792784473234,0.9937092337366903,0.8025901557176514,0.11072664359861592,0.07220216606498196,0.23738872403560832,5.90008,6.07807,7886.35742,8183.80859
KDD-TSAD,010_UCR_Anomaly_DISTORTEDCIMIS44AirTemperature6,0.0,0.8982134319676759,0.9362124252355459,0.9747171837493248,0.3409417455165059,0.11072664359861592,0.07220216606498196,0.23738872403560832,6.27096,6.61315,7886.35742,8183.80859
KDD-TSAD,011_UCR_Anomaly_DISTORTEDECG1,0.0,0.7506193176702437,0.8887828384947798,0.9923669538039412,0.7088634498981318,0.17878787878787877,0.11991869918699187,0.3511904761904762,97.64176,83.8704,20097.29492,30340.68359
KDD-TSAD,012_UCR_Anomaly_DISTORTEDECG2,0.0,0.7631314384076356,0.7931120422051666,0.9767186182496516,0.1588021371161776,0.06451612903225806,0.04132231404958678,0.14705882352941177,251.43355,131.68873,30273.07617,30340.68359
KDD-TSAD,013_UCR_Anomaly_DISTORTEDECG3,0.0,0.7902066421150307,0.7301204726022059,0.9830204701963235,0.3355489909712954,0.06451612903225806,0.04132231404958678,0.14705882352941177,239.98728,141.31157,30273.07617,30340.68359
KDD-TSAD,014_UCR_Anomaly_DISTORTEDECG3,0.0,0.7765355489327864,0.8054455433180584,0.8152889766931405,0.24806130155535566,0.03935483870967742,0.025206611570247933,0.08970588235294116,42.39099,63.25292,16026.98242,30340.68359
KDD-TSAD,016_UCR_Anomaly_DISTORTEDECG4,0.0,0.6715375627213036,0.6454735569162353,0.9443124429766371,0.4651785619952077,0.12308653545766948,0.080711242215667,0.25914233096553535,16.85654,45.36069,9921.51367,30340.68359
KDD-TSAD,017_UCR_Anomaly_DISTORTEDECG4,0.0,0.6860641068183319,0.5773684549715873,0.7459981310582248,0.27945613014001197,0.05096774193548387,0.032644628099173546,0.11617647058823528,11.75323,39.05523,9921.51367,30340.68359
KDD-TSAD,018_UCR_Anomaly_DISTORTEDECG4,0.0,0.7861063650514896,0.8573356307721184,0.8869197305435503,0.29946740352758017,0.05283505154639175,0.03383955100693298,0.12044653349001175,42.30283,64.04518,16026.98242,30340.68359
KDD-TSAD,019_UCR_Anomaly_DISTORTEDGP711MarkerLFM5z1,0.0,0.7118979987575571,0.4476834833057069,0.9157444482938761,0.09055146003575723,0.024115755627009645,0.015483071841453346,0.05450581395348837,5.69834,6.47349,7456.9668,12059.43359
KDD-TSAD,020_UCR_Anomaly_DISTORTEDGP711MarkerLFM5z2,0.0,0.6461977112706767,0.6006341798491138,0.3975892087755579,0.017686128482989345,0.0,0.0,0.0,5.72595,5.84466,7456.9668,12059.43359
KDD-TSAD,021_UCR_Anomaly_DISTORTEDGP711MarkerLFM5z3,0.0,0.6497310433021878,0.37769902555616847,0.9618301657561219,0.0883196479992549,0.07228915662650602,0.04643962848297214,0.16304347826086957,5.19382,6.03003,7457.97852,12059.43359
KDD-TSAD,022_UCR_Anomaly_DISTORTEDGP711MarkerLFM5z4,0.0,0.6638377078081771,0.6448666284331489,0.7827322472274477,0.11993943899905748,0.09408194233687406,0.06303375355835705,0.1854066985645933,4.06236,4.59506,5928.68164,12059.43359
KDD-TSAD,023_UCR_Anomaly_DISTORTEDGP711MarkerLFM5z5,0.0,0.6742766562283599,0.5206646430355236,0.9463813356646429,0.10221308715894811,0.15950920245398773,0.10603588907014681,0.3217821782178218,5.38854,5.42153,7456.9668,12059.43359
KDD-TSAD,024_UCR_Anomaly_DISTORTEDInternalBleeding10,0.0,0.8746786919326967,1.0,0.9994041144872092,0.969119689793551,0.07682458386683738,0.049439683586025046,0.1722158438576349,3.85083,4.80834,6248.11523,7490.13672
KDD-TSAD,025_UCR_Anomaly_DISTORTEDInternalBleeding14,0.0,0.8656738147041029,1.0,0.9785993189965788,0.6885241513535272,0.06940874035989716,0.044539755856153086,0.15715948777648428,2.63935,3.61702,5445.11523,7490.13672
KDD-TSAD,026_UCR_Anomaly_DISTORTEDInternalBleeding15,0.0,0.89575090122694,0.9967443356808181,0.99836870347784,0.9610647913660252,0.3651987110633727,0.26446795270690726,0.5898681471200555,1.07303,2.2465,3232.22461,7591.69922
KDD-TSAD,027_UCR_Anomaly_DISTORTEDInternalBleeding16,0.0,0.7564909088039412,0.999922228147605,0.9804584917599487,0.5141030353067172,0.031454783748361734,0.01989389920424403,0.0750938673341677,0.43761,1.46218,2226.36523,7490.13672
KDD-TSAD,028_UCR_Anomaly_DISTORTEDInternalBleeding17,0.0,0.8010123425434148,0.8971167853712174,0.957280111909789,0.48127825119302453,0.2462253193960511,0.17036322725811637,0.4438860971524288,0.87895,2.11107,3071.13965,7491.32422
KDD-TSAD,029_UCR_Anomaly_DISTORTEDInternalBleeding18,0.0,0.7894551579663115,0.7646458954811622,0.8499445313984119,0.08748619719554107,0.1737089201877934,0.11927788523533205,0.31951640759930916,1.69899,3.29612,4439.25586,7489.12109
KDD-TSAD,030_UCR_Anomaly_DISTORTEDInternalBleeding19,0.0,0.8247986906272627,0.9999199955552,0.9984164661238691,0.8671533525962988,0.02631578947368421,0.01661129568106312,0.06329113924050633,3.59307,4.20098,5851.20117,7489.12109
KDD-TSAD,031_UCR_Anomaly_DISTORTEDInternalBleeding20,0.0,0.7950897293179114,0.9230607137246806,0.9687044787776342,0.554248744473556,0.3428571428571428,0.2468354430379747,0.5611510791366907,2.80107,3.72316,5241.91992,7489.12109
KDD-TSAD,032_UCR_Anomaly_DISTORTEDInternalBleeding4,0.0,0.8370605993051912,0.9469348954173055,0.890721501675067,0.5884570586075265,0.38130155820348305,0.31610942249240126,0.4803695150115474,0.34503,1.36016,1824.02148,7307.32422
KDD-TSAD,033_UCR_Anomaly_DISTORTEDInternalBleeding5,0.0,0.9067968367241458,0.946549255761624,0.9824322416690252,0.6703945609897162,0.3728070175438596,0.27087316762268965,0.5977496483825598,8.20122,6.43121,7734.59961,7402.79297
KDD-TSAD,034_UCR_Anomaly_DISTORTEDInternalBleeding6,0.0,0.865089409358937,0.9887414777014575,0.9963628596516534,0.8621349351622078,0.33659066232356133,0.24075799937868905,0.5591630591630592,0.81912,2.04071,2829.88086,7645.52734
KDD-TSAD,035_UCR_Anomaly_DISTORTEDInternalBleeding8,0.0,0.8364361882855789,0.9574196711618319,0.831849389841072,0.29568668378062113,0.0558139534883721,0.03854802441374879,0.10109519797809605,2.65035,4.2166,4841.59961,7490.13672
KDD-TSAD,036_UCR_Anomaly_DISTORTEDInternalBleeding9,0.0,0.8965558857157331,0.921367094574388,0.8520807931083884,0.07197469928875591,0.0,0.0,0.0,9.76748,6.90754,8246.84961,7490.13672
KDD-TSAD,037_UCR_Anomaly_DISTORTEDLab2Cmac011215EPG1,0.0,0.7223065431271136,0.9991336876066748,0.999700117817079,0.9303252209537685,0.03277613897082923,0.02074000331840053,0.07810059356451109,7.76416,18.7362,7458.99023,30341.69922
KDD-TSAD,038_UCR_Anomaly_DISTORTEDLab2Cmac011215EPG2,0.0,0.7094010226907768,0.6856175716599757,0.7580318127871213,0.016912039267041965,0.007830342577487765,0.004979253112033195,0.0183206106870229,5.50057,16.46972,7456.9668,30289.90234
KDD-TSAD,039_UCR_Anomaly_DISTORTEDLab2Cmac011215EPG3,0.0,0.7105812665840826,0.9997951964051265,0.998998142350476,0.7995832348166609,0.019834710743801654,0.012489592006661117,0.04815409309791332,8.67064,18.06989,7460.00195,30289.90234
KDD-TSAD,040_UCR_Anomaly_DISTORTEDLab2Cmac011215EPG4,0.0,0.7422362177401942,0.725343854830651,0.2835894071611253,0.004009022830798485,0.0,0.0,0.0,9.72632,21.54899,8988.28711,30407.71484
KDD-TSAD,041_UCR_Anomaly_DISTORTEDLab2Cmac011215EPG5,0.0,0.6728344243302743,0.6761978605515089,0.7448473467843266,0.05864812883853314,0.043045293928686154,0.027773171944951082,0.09563231515843561,17.432,25.35226,10520.61914,30163.96484
KDD-TSAD,042_UCR_Anomaly_DISTORTEDLab2Cmac011215EPG6,0.0,0.6171051921751115,0.5001737656640994,0.2596551159508433,0.005633041868272481,0.0,0.0,0.0,17.11756,27.07363,10516.57227,30197.48047
KDD-TSAD,043_UCR_Anomaly_DISTORTEDMesoplodonDensirostris,0.0,0.7032553775590592,0.3636308434892967,0.9592844911883649,0.08735539272735686,0.12181195279786827,0.07977662544874352,0.2574831026713872,37.32695,29.1975,15106.48633,24924.35547
KDD-TSAD,044_UCR_Anomaly_DISTORTEDPowerDemand1,0.0,0.7866495593858854,0.7866495593858854,0.6532276162299876,0.5105679134845326,0.03159825081111582,0.01998572448251249,0.07542087542087543,47.31358,81.289,18062.13867,30270.60547
KDD-TSAD,045_UCR_Anomaly_DISTORTEDPowerDemand2,0.0,0.8466022081088561,0.8466022081088561,0.7380469464880693,0.5146379384310303,0.044196181940949,0.028088134323700144,0.103620977491221,136.79813,121.39848,28237.91992,30270.60547
KDD-TSAD,046_UCR_Anomaly_DISTORTEDPowerDemand3,0.0,0.8683223003374837,0.8683223003374837,0.7683076052426581,0.006402770593980914,0.010283510676283653,0.006452075417592658,0.02531823616288065,158.62381,131.88568,32308.23242,30270.60547
KDD-TSAD,047_UCR_Anomaly_DISTORTEDPowerDemand4,0.0,0.8874494603604794,0.8874494603604794,0.8068236371561324,0.007649172210337713,0.012273075939657378,0.0077061392242486525,0.03012804418779814,169.27225,150.99805,36436.56934,30272.80859
KDD-TSAD,048_UCR_Anomaly_DISTORTEDTkeepFifthMARS,0.0,0.6330650817802086,0.008932523186747273,0.7817139421540604,0.030328284196748316,0.0,0.0,0.0,3.23052,3.63579,5167.06836,11383.02734
KDD-TSAD,049_UCR_Anomaly_DISTORTEDTkeepFirstMARS,0.0,0.5294898146745114,0.32224133753811435,0.6214956409631553,0.009016635809372425,0.0,0.0,0.0,3.03965,3.59324,5167.06836,11456.15234
KDD-TSAD,050_UCR_Anomaly_DISTORTEDTkeepForthMARS,0.0,0.5937217603736894,0.9040632802152149,0.787753024071484,0.028312842396679798,0.0,0.0,0.0,3.09523,3.91339,5167.06836,11356.62109
KDD-TSAD,051_UCR_Anomaly_DISTORTEDTkeepSecondMARS,0.0,0.33709155730729773,0.20596218258894966,0.6428914858100822,0.006978155226494293,0.0,0.0,0.0,2.54156,3.57558,5165.04492,11437.87109
KDD-TSAD,052_UCR_Anomaly_DISTORTEDTkeepThirdMARS,0.0,0.6053895766974804,0.2920298094335139,0.4547358382520272,0.012907142240369441,0.0,0.0,0.0,2.90583,3.26569,5166.05664,11356.62109
KDD-TSAD,053_UCR_Anomaly_DISTORTEDWalkingAceleration1,0.0,0.34580735458542955,0.12197580041630361,0.2614188893520104,0.02527962208133588,0.0,0.0,0.0,0.37059,1.07996,2160.12305,6660.37109
KDD-TSAD,054_UCR_Anomaly_DISTORTEDWalkingAceleration5,0.0,0.9435548751096159,0.999562438017418,0.9998550246883466,0.991137188852352,0.1620879120879121,0.10786106032906764,0.3259668508287293,1.19435,1.51133,3977.27148,6660.37109
KDD-TSAD,055_UCR_Anomaly_DISTORTEDapneaecg2,0.0,0.7583046804787958,0.7583046804787958,0.6329087887277612,0.5045181150752359,0.010517458981909972,0.006599440367456839,0.025885276454752536,62.41144,111.30882,20097.29492,38974.51172
KDD-TSAD,056_UCR_Anomaly_DISTORTEDapneaecg3,0.0,0.6585239254051517,0.6585239254051517,0.5678890376776022,0.5031044160142214,0.005998440405494572,0.0037574773799861723,0.014862374412936212,12.69462,52.64418,9921.51367,38850.60547
KDD-TSAD,057_UCR_Anomaly_DISTORTEDapneaecg4,0.0,0.6914183159404019,0.6914183159404019,0.5858046032699816,0.502712260619395,0.006280026376110781,0.0039342817575223465,0.015553550875664917,19.23553,65.18166,11956.66992,38738.88672
KDD-TSAD,058_UCR_Anomaly_DISTORTEDapneaecg,0.0,0.6291063081300089,0.6291063081300089,0.6327420718916128,0.5030741053109372,0.004783174480357331,0.0029948558945810722,0.011872752034081781,70.05202,119.24517,20097.29492,38974.51172
KDD-TSAD,059_UCR_Anomaly_DISTORTEDgait1,0.0,0.7832525634892572,0.7832525634892572,0.6550982865498267,0.5045154888254386,0.013245033112582783,0.008319467554076539,0.03246753246753247,252.50619,341.93917,40448.85742,65887.55859
KDD-TSAD,060_UCR_Anomaly_DISTORTEDgait2,0.0,0.8018548744037406,0.8018548744037406,0.6705669591956319,0.504725511561506,0.013856812933025405,0.008705745792222866,0.03393665158371041,307.3399,446.56315,44519.16992,65887.55859
KDD-TSAD,061_UCR_Anomaly_DISTORTEDgait3,0.0,0.8155377155063324,0.8155377155063324,0.690788172690506,0.5087209135097468,0.029197080291970802,0.018450184501845015,0.06993006993006992,477.51139,540.98865,49607.06055,65887.55859
KDD-TSAD,062_UCR_Anomaly_DISTORTEDgaitHunt1,0.0,0.7493691550884891,0.7493691550884891,0.6453175584660542,0.5023779559812032,0.004823503617627713,0.0030201526549887433,0.011972137570744449,239.32566,401.83106,37396.12305,64871.93359
KDD-TSAD,063_UCR_Anomaly_DISTORTEDgaitHunt2,0.0,0.7340193445713391,0.7340193445713391,0.6465572985636417,0.5083120219152689,0.028169014084507043,0.01779359430604982,0.06756756756756756,245.09048,363.81193,37396.12305,64871.93359
KDD-TSAD,064_UCR_Anomaly_DISTORTEDgaitHunt3,0.0,0.7984055196396697,0.7984055196396697,0.6857039236529782,0.5111624876144029,0.03864734299516908,0.024509803921568627,0.09132420091324202,405.7516,456.16061,47368.38867,64871.93359
KDD-TSAD,065_UCR_Anomaly_DISTORTEDinsectEPG1,0.0,0.8880354584997917,0.8687105391670777,0.8547561837060602,0.027494591562237443,0.0,0.0,0.0,1.55676,2.77712,4400.39648,10029.19922
KDD-TSAD,066_UCR_Anomaly_DISTORTEDinsectEPG2,0.0,0.8698405707394351,0.6679812566541158,0.2856165398465113,0.006661884789132183,0.0,0.0,0.0,2.71726,3.31727,5529.94043,10028.35547
KDD-TSAD,067_UCR_Anomaly_DISTORTEDinsectEPG3,0.0,0.9277375528696191,0.86766632865478,0.9395469959872146,0.07637680361214763,0.08,0.05185185185185186,0.175,5.61542,4.52888,7764.84961,10026.15234
KDD-TSAD,068_UCR_Anomaly_DISTORTEDinsectEPG4,0.0,0.8740119650373694,0.9662867880480144,0.3730810161488935,0.011455983801784978,0.0,0.0,0.0,0.19052,1.2254,1840.71289,10026.15234
KDD-TSAD,069_UCR_Anomaly_DISTORTEDinsectEPG5,0.0,0.7807326203057122,0.6341992411420593,0.637355191802825,0.007409736695740148,0.0,0.0,0.0,2.30135,2.79821,4706.25586,10056.62109
KDD-TSAD,070_UCR_Anomaly_DISTORTEDltstdbs30791AI,0.0,0.8467617210358315,0.9057303841490378,0.9520358849544589,0.4175266160080177,0.053328745914329956,0.03421331449761611,0.12084827693747076,358.93613,288.10706,35472.90039,56871.85547
KDD-TSAD,071_UCR_Anomaly_DISTORTEDltstdbs30791AS,0.0,0.8330146840476749,0.8524997728917854,0.9773452953200579,0.47799377007752436,0.06912280701754386,0.04436936936936937,0.15634920634920635,709.49726,316.19138,46554.32617,55731.30859
KDD-TSAD,072_UCR_Anomaly_DISTORTEDltstdbs30791ES,0.0,0.8010818131691194,0.8131514524710167,0.6861049097120209,0.01040263542384483,0.01610305958132045,0.010313531353135313,0.03671071953010279,360.53202,334.19199,40448.85742,55731.30859
KDD-TSAD,073_UCR_Anomaly_DISTORTEDpark3m,0.0,0.9059350289516942,0.9059350289516942,0.8351116448288632,0.5075232332381583,0.02273850716757291,0.014333790352735883,0.05497131931166347,2716.94059,1652.13812,121855.10742,91278.18359
KDD-TSAD,074_UCR_Anomaly_DISTORTEDqtdbSel1005V,0.0,0.7005583312422743,0.7005583312422743,0.6155178840294369,0.07871317421628041,0.003804089396100809,0.0024962556165751375,0.00799041150619257,7.7701,37.15049,7886.35742,36435.44922
KDD-TSAD,075_UCR_Anomaly_DISTORTEDqtdbSel100MLII,0.0,0.6671909643922135,0.6671909643922135,0.6777627128794563,0.33450241297926814,0.04453370590289906,0.028582317073170733,0.1007745810938982,6.73721,28.15084,7886.35742,30340.68359
KDD-TSAD,084_UCR_Anomaly_DISTORTEDs20101mML2,0.0,0.7913202089984595,0.7913202089984595,0.6813097820005908,0.004033653734550815,0.00778694907335306,0.0048810964895154045,0.019242610837438424,106.93146,162.74543,24167.60742,40496.93359
KDD-TSAD,085_UCR_Anomaly_DISTORTEDs20101m,0.0,0.7788112098749601,0.7788112098749601,0.6745212783896014,0.003947706558461733,0.007621660759879578,0.004777191775586638,0.01883877774010022,57.08679,112.54665,20097.29492,40496.93359
KDD-TSAD,086_UCR_Anomaly_DISTORTEDsddb49,0.0,0.7692101530880243,0.7692101530880243,0.6259725080148291,0.5029712374886574,0.00830233793836344,0.005205166856828762,0.020500541214288057,312.09864,489.77318,40448.85742,81121.93359
KDD-TSAD,087_UCR_Anomaly_DISTORTEDsel840mECG1,0.0,0.8260655985697989,0.8260655985697989,0.7942223268928297,0.2987966380406572,0.0542126589353081,0.03524965477142235,0.11733397846861016,351.14868,319.78359,34343.38867,60809.43359
KDD-TSAD,088_UCR_Anomaly_DISTORTEDsel840mECG2,0.0,0.8550122916039801,0.8812670195177315,0.8376443662497342,0.03939420150077879,0.06555756876956019,0.04293604902045395,0.1385600891240774,575.05364,320.00322,40448.85742,57763.57422
KDD-TSAD,093_UCR_Anomaly_NOISE1sddb40,0.0,0.8268993770094598,0.8268993770094598,0.7215142567862797,0.508107980737688,0.027303754266211604,0.017241379310344827,0.06557377049180328,742.99274,849.38376,70976.20117,80913.73047
KDD-TSAD,094_UCR_Anomaly_NOISEBIDMC1,0.0,0.7345198619476213,0.7345198619476213,0.6187938986899174,0.5180231761346762,0.04597701149425288,0.029239766081871347,0.1075268817204301,1.95541,5.26773,4841.59961,11043.80859
KDD-TSAD,095_UCR_Anomaly_NOISECIMIS44AirTemperature4,0.0,0.8909048798956746,0.8088847740636066,0.9454577461800329,0.09200301777116487,0.1061130334486736,0.06919374247894104,0.2274975272007913,8.30228,7.06636,7886.35742,8183.80859
KDD-TSAD,096_UCR_Anomaly_NOISEECG4,0.0,0.6911684203709569,0.6592523181733757,0.9561127851831607,0.4481793287552092,0.12173378419920074,0.07976152110860457,0.25694264209706724,11.74806,34.52913,9921.51367,30340.68359
KDD-TSAD,097_UCR_Anomaly_NOISEGP711MarkerLFM5z3,0.0,0.6986395270349958,0.8666630570004777,0.9961547199943406,0.6809074265885996,0.07228915662650602,0.04643962848297214,0.16304347826086957,6.04905,6.28402,7514.99121,12061.63672
KDD-TSAD,098_UCR_Anomaly_NOISEInternalBleeding16,0.0,0.8218999316238852,0.37581485528782993,0.9911342443654086,0.274673385447971,0.031454783748361734,0.01989389920424403,0.0750938673341677,0.42821,1.71101,2226.36523,7490.13672
KDD-TSAD,099_UCR_Anomaly_NOISEInternalBleeding6,0.0,0.8764904127423595,0.9889466008500132,0.9964741733262344,0.874906457308449,0.33659066232356133,0.24075799937868905,0.5591630591630592,0.69921,2.08618,2829.88086,7645.52734
KDD-TSAD,100_UCR_Anomaly_NOISELab2Cmac011215EPG1,0.0,0.7366655373790008,0.9991430617634268,0.9997024501870734,0.9308494098033112,0.03277613897082923,0.02074000331840053,0.07810059356451109,6.02399,13.10382,7458.99023,30341.69922
KDD-TSAD,101_UCR_Anomaly_NOISELab2Cmac011215EPG4,0.0,0.6968767772132719,0.7765935502771011,0.272598554144,0.003931251152289899,0.0,0.0,0.0,11.49367,20.54913,8988.28711,30407.71484
KDD-TSAD,102_UCR_Anomaly_NOISEMesoplodonDensirostris,0.0,0.7136915007066258,0.3638935963392094,0.9533709692928478,0.07762279882691639,0.12181195279786827,0.07977662544874352,0.2574831026713872,40.16681,27.76345,15103.45117,24924.35547
KDD-TSAD,103_UCR_Anomaly_NOISETkeepThirdMARS,0.0,0.6421224251773484,0.9226151651666388,0.652756520493651,0.3350982764794291,0.037428803905614316,0.024881003894418004,0.07550886408404466,2.34107,3.70156,5168.08008,11356.62109
KDD-TSAD,104_UCR_Anomaly_NOISEapneaecg4,0.0,0.6960891629377585,0.6960891629377585,0.5794057340578458,0.5031980227817644,0.00617875127436745,0.0038706880535083915,0.015305029232605833,18.96026,60.59507,11956.66992,38738.88672
KDD-TSAD,105_UCR_Anomaly_NOISEgait3,0.0,0.8155377155063324,0.8155377155063324,0.690788172690506,0.5087209135097468,0.029197080291970802,0.018450184501845015,0.06993006993006992,398.549,492.65671,49607.06055,65887.55859
KDD-TSAD,106_UCR_Anomaly_NOISEgaitHunt2,0.0,0.7340193445713391,0.7340193445713391,0.6465572985636417,0.5083120219152689,0.028169014084507043,0.01779359430604982,0.06756756756756756,209.83097,272.38367,37396.12305,64871.93359
KDD-TSAD,107_UCR_Anomaly_NOISEinsectEPG3,0.0,0.892467344971683,0.8674662869850576,0.861888631071701,0.03473616147027185,0.0,0.0,0.0,7.49872,6.01952,7766.87305,10026.15234
KDD-TSAD,109_UCR_Anomaly_1sddb40,0.0,0.8294226363677911,0.8294226363677911,0.731915942502682,0.5084172749575827,0.028330553588155998,0.017896730094217623,0.06793924916171731,890.80064,930.54872,70976.20117,80913.73047
KDD-TSAD,110_UCR_Anomaly_2sddb40,0.0,0.8378119285011095,0.8378119285011095,0.7312129996492694,0.504701131276051,0.013785814396985502,0.00866090812508661,0.03376629223600387,934.00927,884.54758,70976.20117,81122.94922
KDD-TSAD,111_UCR_Anomaly_3sddb40,0.0,0.7937920677491792,0.7937920677491792,0.7312159026301647,0.5047012400431435,0.013786131152061027,0.008661108159918702,0.033767052361442534,882.33889,887.97357,70976.20117,81121.93359
KDD-TSAD,112_UCR_Anomaly_BIDMC1,0.0,0.7345198619476213,0.7345198619476213,0.6187938986899174,0.5180231761346762,0.04597701149425288,0.029239766081871347,0.1075268817204301,1.87131,5.36308,4841.59961,11043.80859
KDD-TSAD,113_UCR_Anomaly_CIMIS44AirTemperature1,0.0,0.8780891399693724,0.8519672487958033,0.9417925120088727,0.047845624226662165,0.0024390243902439024,0.0015257857796765334,0.006075334143377886,8.51953,9.50761,7886.35742,8183.80859
KDD-TSAD,114_UCR_Anomaly_CIMIS44AirTemperature2,0.0,0.8845967945722015,0.773946391196358,0.9246888265876779,0.06416100848463938,0.056939501779359435,0.03636363636363637,0.13114754098360656,7.01783,7.16733,7886.35742,8183.80859
KDD-TSAD,115_UCR_Anomaly_CIMIS44AirTemperature3,0.0,0.8936453731609352,0.8152479829951514,0.9737014777023845,0.20437719753695277,0.056939501779359435,0.03636363636363637,0.13114754098360656,6.85244,6.78453,7886.35742,8183.80859
KDD-TSAD,116_UCR_Anomaly_CIMIS44AirTemperature4,0.0,0.89420559829153,0.8098623040025108,0.9467885026750956,0.09584722067256722,0.09457900807381776,0.061672683513838755,0.20276953511374876,6.82587,7.68553,7886.35742,8183.80859
KDD-TSAD,117_UCR_Anomaly_CIMIS44AirTemperature5,0.0,0.847771269730964,0.9962906437440949,0.9942969792116376,0.7731992326139814,0.11072664359861592,0.07220216606498196,0.23738872403560832,7.18614,5.86645,7944.38184,8186.01172
KDD-TSAD,118_UCR_Anomaly_CIMIS44AirTemperature6,0.0,0.9051615000866127,0.857340494854203,0.9756245954195518,0.24057579520657973,0.11072664359861592,0.07220216606498196,0.23738872403560832,6.18393,5.70903,7886.35742,8183.80859
KDD-TSAD,119_UCR_Anomaly_ECG1,0.0,0.7499149204248444,0.845354246950869,0.9925041852702766,0.7416532783180615,0.18181818181818182,0.12195121951219513,0.35714285714285715,102.81325,85.87612,20035.58008,30340.68359
KDD-TSAD,120_UCR_Anomaly_ECG2,0.0,0.8149645642803776,0.6901488649140965,0.9873717822900948,0.2105022130793423,0.06451612903225806,0.04132231404958678,0.14705882352941177,250.22759,133.03436,30044.42773,30340.68359
KDD-TSAD,121_UCR_Anomaly_ECG3,0.0,0.789903780005798,0.701080809171397,0.9514585722670315,0.2764942909575908,0.06451612903225806,0.04132231404958678,0.14705882352941177,248.54188,145.28217,30273.07617,30340.68359
KDD-TSAD,122_UCR_Anomaly_ECG3,0.0,0.8233133889145076,0.7229404124139845,0.8101444147528633,0.24804699767590152,0.043225806451612905,0.027685950413223137,0.09852941176470588,45.32898,65.2537,16026.98242,30340.68359
KDD-TSAD,124_UCR_Anomaly_ECG4,0.0,0.6821557955357599,0.6405183719123948,0.9728757376169497,0.49021924121147137,0.123125,0.08073770491803278,0.25921052631578945,15.64591,43.15533,9921.51367,30340.68359
KDD-TSAD,125_UCR_Anomaly_ECG4,0.0,0.6507021267434145,0.561642776302285,0.8151249909019213,0.27834632202239135,0.05096774193548387,0.032644628099173546,0.11617647058823528,9.72438,36.61987,9921.51367,30340.68359
KDD-TSAD,126_UCR_Anomaly_ECG4,0.0,0.8245331271643586,0.7356652408172373,0.8468503192362193,0.29142964347824785,0.05096774193548387,0.032644628099173546,0.11617647058823528,47.9004,67.44528,16026.98242,30340.68359
KDD-TSAD,127_UCR_Anomaly_GP711MarkerLFM5z1,0.0,0.660190129164693,0.46832471777444995,0.8632517511830896,0.03133093227321776,0.0,0.0,0.0,5.58231,5.30875,7456.9668,12059.43359
KDD-TSAD,128_UCR_Anomaly_GP711MarkerLFM5z2,0.0,0.647167056551403,0.5986293699791896,0.48652526154297054,0.02439963427562969,0.009907997169143666,0.006981847197287054,0.017056530214424954,5.26801,5.87086,7456.9668,12059.43359
KDD-TSAD,129_UCR_Anomaly_GP711MarkerLFM5z3,0.0,0.7101673477251785,0.9082857366531032,0.9969482886362964,0.726847554591344,0.07228915662650602,0.04643962848297214,0.16304347826086957,4.97693,5.70603,7456.9668,12059.43359
KDD-TSAD,130_UCR_Anomaly_GP711MarkerLFM5z4,0.0,0.6624968155357761,0.701738920250524,0.7391875136896318,0.12818543581112596,0.0834597875569044,0.05591703944692965,0.1644736842105263,3.04282,4.47119,5928.68164,12059.43359
KDD-TSAD,131_UCR_Anomaly_GP711MarkerLFM5z5,0.0,0.726185670690114,0.8624863566614378,0.9851156766479974,0.29423478431292427,0.15950920245398773,0.10603588907014681,0.3217821782178218,5.98721,5.56408,7456.9668,12059.43359
KDD-TSAD,132_UCR_Anomaly_InternalBleeding10,0.0,0.8387682008996106,0.9998488912586273,0.9995411175681679,0.973959187047142,0.07682458386683738,0.049439683586025046,0.1722158438576349,2.92847,3.63635,5483.25586,7490.13672
KDD-TSAD,133_UCR_Anomaly_InternalBleeding14,0.0,0.8666218975773035,1.0,0.9998477114877662,0.9853339772520883,0.06940874035989716,0.044539755856153086,0.15715948777648428,2.5325,2.85136,4887.6582,7490.13672
KDD-TSAD,134_UCR_Anomaly_InternalBleeding15,0.0,0.874196267854889,0.9955989748633803,0.9991967800743624,0.9723219394988234,0.3651987110633727,0.26446795270690726,0.5898681471200555,1.12627,2.17811,3031.9043,7591.69922
KDD-TSAD,135_UCR_Anomaly_InternalBleeding16,0.0,0.8289045007209099,0.9998222281465681,0.9997260985297152,0.9604531496208363,0.031454783748361734,0.01989389920424403,0.0750938673341677,0.50322,1.49237,2216.24805,7490.13672
KDD-TSAD,136_UCR_Anomaly_InternalBleeding17,0.0,0.746143765149718,0.9999321276873859,0.9998500232074946,0.9945592142306349,0.2578397212543554,0.17839922854387658,0.46482412060301503,0.91986,1.89482,2829.7207,7489.12109
KDD-TSAD,137_UCR_Anomaly_InternalBleeding18,0.0,0.8527570237274322,0.9996338757763106,0.998945498119506,0.9724367983667347,0.23943661971830985,0.1644100580270793,0.44041450777202074,1.7365,3.12411,4054.80273,7489.14453
KDD-TSAD,138_UCR_Anomaly_InternalBleeding19,0.0,0.806384284420482,0.9999199955552,0.9997561446601022,0.9606674017930539,0.02631578947368421,0.01661129568106312,0.06329113924050633,3.28724,3.16045,5101.51758,7489.12109
KDD-TSAD,139_UCR_Anomaly_InternalBleeding20,0.0,0.9129802525712124,0.9993321397595395,0.999493041232712,0.9895906333019137,0.3516483516483517,0.25316455696202533,0.5755395683453237,2.00814,3.11014,4573.17383,7489.12109
KDD-TSAD,140_UCR_Anomaly_InternalBleeding4,0.0,0.748072521061945,0.8611417716216294,0.8251104344204604,0.6052182090516157,0.3978001833180569,0.3297872340425532,0.5011547344110855,0.42805,1.27314,1793.66992,7307.32422
KDD-TSAD,141_UCR_Anomaly_InternalBleeding5,0.0,0.8883366196719238,0.9944857479357099,0.9969508526639735,0.9306592339448106,0.3728070175438596,0.27087316762268965,0.5977496483825598,5.34615,4.19218,6785.60742,7402.79297
KDD-TSAD,142_UCR_Anomaly_InternalBleeding6,0.0,0.8628796687338476,0.9891500292106833,0.9966540727518038,0.8773717923113847,0.33659066232356133,0.24075799937868905,0.5591630591630592,0.81179,2.12276,2813.69336,7645.52734
KDD-TSAD,143_UCR_Anomaly_InternalBleeding8,0.0,0.8019608642745196,0.9975663476510082,0.9991916453714469,0.9686597570275274,0.2534883720930233,0.17507227754577578,0.4591406908171862,2.26526,3.47479,4606.88086,7490.13672
KDD-TSAD,144_UCR_Anomaly_InternalBleeding9,0.0,0.8186488717634745,0.7884498514024452,0.9344804780130683,0.11149345565061203,0.19687875150060025,0.13285806869734285,0.3799814643188137,5.55909,4.50028,6947.80273,7490.13672
KDD-TSAD,145_UCR_Anomaly_Lab2Cmac011215EPG1,0.0,0.7508188320861046,0.9991236618896209,0.9996935359940468,0.9292529423414734,0.03277613897082923,0.02074000331840053,0.07810059356451109,5.95145,15.21176,7460.00195,30341.69922
KDD-TSAD,146_UCR_Anomaly_Lab2Cmac011215EPG2,0.0,0.7273771409808069,0.6805410779633007,0.6986515303507984,0.011661752426751892,0.001957585644371941,0.0012448132780082987,0.004580152671755725,5.8246,15.3139,7460.00195,30289.90234
KDD-TSAD,147_UCR_Anomaly_Lab2Cmac011215EPG3,0.0,0.7229197134642736,0.9998285895686654,0.9995134345542316,0.8835370484516106,0.019834710743801654,0.012489592006661117,0.04815409309791332,4.96266,13.62093,7460.00195,30289.90234
KDD-TSAD,148_UCR_Anomaly_Lab2Cmac011215EPG4,0.0,0.6983918210814157,0.6911822965846185,0.27460640011117904,0.003931251152289899,0.0,0.0,0.0,8.91465,17.76949,8988.92773,30407.71484
KDD-TSAD,149_UCR_Anomaly_Lab2Cmac011215EPG5,0.0,0.7269129338921996,0.8714654068220757,0.8301763484908068,0.3158508180669135,0.05653710247349824,0.036478195987398446,0.12560662289466173,14.74121,21.48344,10517.58398,30163.96484
KDD-TSAD,150_UCR_Anomaly_Lab2Cmac011215EPG6,0.0,0.5282632972193233,0.4920025768079996,0.2596551159508433,0.005633041868272481,0.0,0.0,0.0,18.19742,25.63868,10517.58398,30197.48047
KDD-TSAD,151_UCR_Anomaly_MesoplodonDensirostris,0.0,0.7162945935416538,0.36445681066935265,0.954258135162384,0.07891937516692628,0.12181195279786827,0.07977662544874352,0.2574831026713872,45.59798,34.41109,15104.46289,24924.35547
KDD-TSAD,152_UCR_Anomaly_PowerDemand1,0.0,0.7838567813127503,0.7838567813127503,0.6724207789921279,0.011176645805909161,0.033387986287077065,0.021132075471698115,0.0794889992902768,51.67091,79.08705,18062.13867,30270.60547
KDD-TSAD,153_UCR_Anomaly_PowerDemand2,0.0,0.8452024635093983,0.8452024635093983,0.7726532192767387,0.016804568505062192,0.05057245206152982,0.032218801460585665,0.11751648495136123,135.43807,118.44208,28237.91992,30270.60547
KDD-TSAD,154_UCR_Anomaly_PowerDemand3,0.0,0.8624678381554255,0.8624678381554255,0.8051628849089923,0.50756355440895,0.01213653603034134,0.007620015240030481,0.029798857710454433,198.48704,161.01456,32308.23242,30270.60547
KDD-TSAD,155_UCR_Anomaly_PowerDemand4,0.0,0.8904160633618683,0.8904160633618683,0.8493321845728333,0.009775013385725817,0.01565727954767859,0.009843596193809472,0.038244980346329546,246.54893,173.99681,36378.54492,30270.60547
KDD-TSAD,156_UCR_Anomaly_TkeepFifthMARS,0.0,0.5611725821883199,0.9754920661062131,0.9773855420854661,0.5004963022966263,0.13160032493907392,0.0874163608892726,0.26609724047306177,2.23572,3.61982,5169.10742,11383.05078
KDD-TSAD,157_UCR_Anomaly_TkeepFirstMARS,0.0,0.5396662875448291,0.5042512905438036,0.5110302285398852,0.007245460754695374,0.0,0.0,0.0,2.32094,3.32626,5169.0918,11456.15234
KDD-TSAD,158_UCR_Anomaly_TkeepForthMARS,0.0,0.49126761927215523,0.8428976857726702,0.9204753203305737,0.4299052081874193,0.10912052117263846,0.07249513092404243,0.22053982883475973,2.54207,3.77768,5169.0918,11356.62109
KDD-TSAD,159_UCR_Anomaly_TkeepSecondMARS,0.0,0.38389437832824763,0.9956105165049779,0.9940222521579505,0.5482982065629881,0.017406440382941687,0.010950503723171265,0.04240882103477523,2.00792,3.826,5169.0918,11437.87109
KDD-TSAD,160_UCR_Anomaly_TkeepThirdMARS,0.0,0.6777230771595771,0.9363402170939411,0.6432112634922805,0.3308802375025704,0.03417412530512612,0.022717438338381652,0.06894287590282337,2.32144,3.99278,5169.0918,11356.62109
KDD-TSAD,161_UCR_Anomaly_WalkingAceleration1,0.0,0.2825796184927595,0.12365270705421093,0.2594646588917614,0.025290268988809903,0.0,0.0,0.0,0.39916,1.08829,2155.06445,6660.37109
KDD-TSAD,162_UCR_Anomaly_WalkingAceleration5,0.0,0.9458834201323459,0.999562438017418,0.9998625857276142,0.9914202851736379,0.1620879120879121,0.10786106032906764,0.3259668508287293,1.06672,1.47708,3952.99023,6660.37109
KDD-TSAD,163_UCR_Anomaly_apneaecg2,0.0,0.7279153089868857,0.7279153089868857,0.7664157438187029,0.006099556003368982,0.016592002654720425,0.010434927790299692,0.04047272138578598,65.46748,120.19341,20097.29492,38974.51172
KDD-TSAD,164_UCR_Anomaly_apneaecg3,0.0,0.6173427420427916,0.6173427420427916,0.696322236482798,0.5041290892383705,0.008507018290089324,0.0053339022829101785,0.020999580008399833,15.14384,52.34643,9921.51367,38850.60547
KDD-TSAD,165_UCR_Anomaly_apneaecg4,0.0,0.6561077076744319,0.6561077076744319,0.7066831314064139,0.5035738393167415,0.008841342115733168,0.005544220704337798,0.02181405697831683,18.26148,71.67537,11956.66992,38738.88672
KDD-TSAD,166_UCR_Anomaly_apneaecg,0.0,0.5328902044946566,0.5328902044946566,0.7627989018314733,0.0033586595139877347,0.007291206363234644,0.00456987758267324,0.01802490714441774,62.60566,103.4719,20097.29492,38974.51172
KDD-TSAD,167_UCR_Anomaly_gait1,0.0,0.783633304793768,0.783633304793768,0.6554618003570041,0.004520612185916217,0.013259961546111518,0.008328891257995736,0.03250341285835013,622.76738,422.78931,40449.49805,65887.55859
KDD-TSAD,168_UCR_Anomaly_gait2,0.0,0.8019833904269325,0.8019833904269325,0.6708221922942869,0.5047291409021981,0.013867381607229529,0.008712420426560105,0.033962007833903136,752.38427,445.95727,44519.16992,65887.55859
KDD-TSAD,169_UCR_Anomaly_gait3,0.0,0.8153833098923354,0.8153833098923354,0.6912000036596014,0.008732556918972166,0.029235491887151,0.018474726574046703,0.07001820473323064,971.08692,462.35317,49607.06055,65887.55859
KDD-TSAD,170_UCR_Anomaly_gaitHunt1,0.0,0.7493884602588989,0.7493884602588989,0.6453175584660542,0.002378060511335621,0.004823715137695141,0.0030202853345927005,0.011972658800992641,552.42655,371.88387,37396.12305,64871.93359
KDD-TSAD,171_UCR_Anomaly_gaitHunt2,0.0,0.7340397251054844,0.7340397251054844,0.6465572985636417,0.00831238729493051,0.028170234896420215,0.017794373692797932,0.06757037714665891,548.69104,357.36016,37396.12305,64871.93359
KDD-TSAD,172_UCR_Anomaly_gaitHunt3,0.0,0.7992236423274448,0.7992236423274448,0.6865115656877653,0.5111906019345336,0.038742796261320156,0.024571232001572556,0.09153737013135611,833.53893,478.67731,47368.38867,64871.93359
KDD-TSAD,173_UCR_Anomaly_insectEPG1,0.0,0.915624065956231,0.869110500362757,0.9031481382997256,0.04017098204308618,0.0,0.0,0.0,1.60848,3.01957,4400.39648,10029.19922
KDD-TSAD,174_UCR_Anomaly_insectEPG2,0.0,0.8740654226787533,0.6693815416052953,0.41547171753877055,0.007957387311597341,0.0,0.0,0.0,2.85858,3.00456,5470.9043,10026.15234
KDD-TSAD,175_UCR_Anomaly_insectEPG3,0.0,0.9301626516678684,0.868066411991927,0.9272836065207842,0.06407706601322391,0.0838095238095238,0.05432098765432098,0.1833333333333333,5.97103,4.38982,7764.86523,10026.17578
KDD-TSAD,176_UCR_Anomaly_insectEPG4,0.0,0.8770704042443885,0.9664868293952695,0.38409848387418033,0.013436607909770642,0.0,0.0,0.0,0.26664,1.12474,1837.67773,10026.15234
KDD-TSAD,177_UCR_Anomaly_insectEPG5,0.0,0.869333322541616,0.6341992411420593,0.9742132188197609,0.08148062839079272,0.0019920318725099597,0.0012459506603538497,0.004965243296921548,2.20118,2.5764,4707.26758,10056.62109
KDD-TSAD,178_UCR_Anomaly_ltstdbs30791AI,0.0,0.8493436614962389,0.9498683197781286,0.9758145854932401,0.06998649602542537,0.06881128505074832,0.04414621225498852,0.15593326056447843,423.14643,290.96105,35472.90039,56871.85547
KDD-TSAD,179_UCR_Anomaly_ltstdbs30791AS,0.0,0.8076901502585767,0.8662196278188989,0.9743451186728496,0.13640280748028272,0.062456140350877196,0.04009009009009009,0.1412698412698413,871.39718,390.82147,46554.32617,55731.30859
KDD-TSAD,180_UCR_Anomaly_ltstdbs30791ES,0.0,0.8068613935855704,0.839524493861192,0.9262880046946497,0.030609174476210903,0.032280701754385965,0.02072072072072072,0.07301587301587302,479.42708,344.20808,40448.85742,55731.30859
KDD-TSAD,181_UCR_Anomaly_park3m,0.0,0.9052591802592687,0.9052591802592687,0.8374776689336876,0.007632118123385231,0.02306380987398469,0.014540642148474706,0.05573145515637115,8149.61503,981.42609,121653.85742,91278.18359
KDD-TSAD,182_UCR_Anomaly_qtdbSel1005V,0.0,0.6803802432698111,0.7009385927067584,0.47599315750169546,0.023400395696551623,0.004103967168262654,0.002753303964757709,0.008055853920515573,4.58585,26.94607,7886.35742,36435.44922
KDD-TSAD,183_UCR_Anomaly_qtdbSel100MLII,0.0,0.6190365132113581,0.6190365132113581,0.7583267896047687,0.21812310741731253,0.07530981887511916,0.05069301848049281,0.14640474425500372,3.25487,18.41084,7886.35742,30340.68359
KDD-TSAD,192_UCR_Anomaly_s20101mML2,0.0,0.8096621015844171,0.8096621015844171,0.7898278206406628,0.5049830056330278,0.01175226231049477,0.007377678097149265,0.028871694191015127,58.29409,87.1035,24167.60742,40496.93359
KDD-TSAD,193_UCR_Anomaly_s20101m,0.0,0.8014053837533774,0.8014053837533774,0.7869770443077029,0.006006110880267028,0.011572734637194769,0.007264485383855409,0.02843817540666591,37.43984,58.68762,20097.29492,40496.93359
KDD-TSAD,194_UCR_Anomaly_sddb49,0.0,0.7918460367791267,0.7918460367791267,0.7920868688722774,0.004902656507868242,0.015414258188824664,0.009694295408581122,0.03759885906910411,299.51853,221.05584,40449.49805,81121.93359
KDD-TSAD,195_UCR_Anomaly_sel840mECG1,0.0,0.8645137727032569,0.8708930984495908,0.7872287487447756,0.29974635124724847,0.06117647058823529,0.03997539975399754,0.13026052104208416,163.21901,137.96006,34343.38867,60809.43359
KDD-TSAD,196_UCR_Anomaly_sel840mECG2,0.0,0.8550857913827988,0.8825859420914576,0.9380280617372266,0.05323034083573781,0.06852248394004283,0.04487788038318806,0.1448266258181312,264.64588,137.18022,40448.85742,57763.57422
KDD-TSAD,201_UCR_Anomaly_CHARISfive,0.0,0.6892093125595935,0.6892093125595935,0.6217722612097194,0.5019362936531323,0.0009565716472163765,0.000598071816463721,0.0023880026745629955,23.32562,47.64818,20097.29492,41864.98047
KDD-TSAD,202_UCR_Anomaly_CHARISfive,0.0,0.597793901111437,0.597793901111437,0.6254498724489949,0.5021733323925156,0.0019102804928523673,0.0011947811957370208,0.004762055938283755,24.81153,48.88794,20933.74414,42314.90234
KDD-TSAD,203_UCR_Anomaly_CHARISfive,0.0,0.5650798871400955,0.5650798871400955,0.1418275602984227,0.0016749254336428931,0.0,0.0,0.0,32.06088,56.19905,23784.99805,42134.12109
KDD-TSAD,204_UCR_Anomaly_CHARISfive,0.0,0.6363251513364359,0.6363251513364359,0.6488356796865173,0.5029809374774309,0.004720639309437907,0.0029556317451738755,0.011718619211839153,32.86906,60.61996,25006.0918,42527.16797
KDD-TSAD,205_UCR_Anomaly_CHARISfive,0.0,0.7677545708169781,0.7677545708169781,0.6241633718582693,0.5032669171982417,0.005970545309804962,0.003739964428782766,0.014793872049444406,21.57923,46.30124,19714.68555,40364.90234
KDD-TSAD,206_UCR_Anomaly_CHARISten,0.0,0.8526497638672766,0.8526497638672766,0.8006106035271949,0.5049316536541046,0.0070880094506792675,0.004441812259401836,0.017533606078316773,444.42538,347.81801,50889.22461,42528.20703
KDD-TSAD,207_UCR_Anomaly_CHARISten,0.0,0.701039522713169,0.701039522713169,0.5404738718636265,0.5022666393446331,0.0032639738882088943,0.002042483660130719,0.008120178643930165,3.56824,27.6275,6187.00195,40364.90234
KDD-TSAD,208_UCR_Anomaly_CHARISten,0.0,0.7202139416754326,0.7202139416754326,0.5635872243936568,0.5023278398753426,0.00335195530726257,0.0020976087260523,0.008337965536409114,12.19123,50.7191,10186.08398,41380.52734
KDD-TSAD,209_UCR_Anomaly_Fantasia,0.0,0.6390539439015037,0.6390539439015037,0.6039491243589293,0.5027835205088325,0.008185538881309686,0.005131713992473487,0.020215633423180595,259.12074,527.21619,38413.70117,93309.43359
KDD-TSAD,212_UCR_Anomaly_Italianpowerdemand,0.0,0.7893489290181039,0.9740496165766543,0.6691617094076434,0.003279856984844959,0.002411817907747965,0.001508750754375377,0.006007810153199159,51.50881,84.29389,17885.08008,30270.83008
KDD-TSAD,227_UCR_Anomaly_mit14134longtermecg,0.0,0.7129727259116229,0.7740954545569415,0.419486505730044,0.0022707452885798443,0.0,0.0,0.0,49.55798,90.24927,16986.52148,60100.52734
KDD-TSAD,228_UCR_Anomaly_mit14134longtermecg,0.0,0.644020843387802,0.007096645167741655,0.93709602073846,0.008874865226588398,0.006418918918918918,0.004022015241320914,0.01588628762541806,51.88375,89.63731,17189.37695,59793.80859
KDD-TSAD,229_UCR_Anomaly_mit14134longtermecg,0.0,0.7016642810845666,0.6274449117917694,0.8715715450357666,0.003844359973281909,0.0,0.0,0.0,106.78521,156.92539,24836.89648,59793.80859
KDD-TSAD,230_UCR_Anomaly_mit14134longtermecg,0.0,0.7254943271227213,0.8776263003188194,0.673630279400081,0.004496957671144333,0.0,0.0,0.0,179.84007,196.32968,29423.77539,59793.80859
KDD-TSAD,231_UCR_Anomaly_mit14134longtermecg,0.0,0.5906609713887647,0.7299712440411291,0.3997488521199292,0.004036741248790524,0.0,0.0,0.0,26.35258,64.14151,13215.25195,59793.80859
KDD-TSAD,232_UCR_Anomaly_mit14134longtermecg,0.0,0.6155893020287416,0.8104811554790219,0.46180305807402744,0.004903012000094774,0.0,0.0,0.0,25.69319,62.8383,13215.25195,59793.80859
KDD-TSAD,233_UCR_Anomaly_mit14157longtermecg,0.0,0.7053100197172706,0.13950211481714567,0.9886020461840235,0.020596630487556517,0.0002157031924072476,0.0001348254011055683,0.0005390835579514825,162.07457,262.70631,28736.60352,94030.52734
KDD-TSAD,234_UCR_Anomaly_mit14157longtermecg,0.0,0.6175198555692908,0.017571673142196778,0.4642214624559359,0.0006032937188395025,0.0,0.0,0.0,177.76938,316.38826,28738.62695,100124.27734
KDD-TSAD,235_UCR_Anomaly_mit14157longtermecg,0.0,0.6725863003430589,0.6596035799641279,0.991454516880935,0.02518705345785786,0.0002055287226389888,0.0001284653528943244,0.000513663447709061,161.60895,282.53428,28734.58008,98692.24609
KDD-TSAD,236_UCR_Anomaly_mit14157longtermecg,0.0,0.6552210775133562,0.6580718379030593,0.27918063510474744,0.0007546082179870939,0.0,0.0,0.0,190.37994,284.91161,29348.32227,98387.55859
KDD-TSAD,237_UCR_Anomaly_mit14157longtermecg,0.0,0.593685863051327,0.7204499505041086,0.6229562084789898,0.032374351957007365,0.05689819219790676,0.03774299419338551,0.11553323029366305,200.37993,279.29689,29348.32227,98387.55859
KDD-TSAD,238_UCR_Anomaly_mit14157longtermecg,0.0,0.8002014825180015,0.8058326926116005,0.8221839924505615,0.011988415941756219,0.02361111111111111,0.014957264957264958,0.05602636534839925,195.2662,315.71439,32407.9043,100418.80859
KDD-TSAD,248_UCR_Anomaly_weallwalk,0.0,0.24975118816516156,0.21187102722240542,0.47696847626092,0.006680341575439291,0.0,0.0,0.0,0.75075,1.73746,2894.8418,8435.68359
KDD-TSAD,249_UCR_Anomaly_weallwalk,0.0,0.1393993246413222,0.13088051785185842,0.22120143937409098,0.0064801403596301856,0.0,0.0,0.0,1.02298,2.85885,4025.21289,10560.37109
KDD-TSAD,250_UCR_Anomaly_weallwalk,0.0,0.13030231037927756,0.12442665958662429,0.8416117295615794,0.01729477020740958,0.0,0.0,0.0,1.65283,2.64304,4328.00586,10503.51953
MGAB,1,0.0,0.6342529756450191,0.5234897597596734,0.47930286802102456,0.01126058643780046,0.003529411764705882,0.0022388059701492534,0.008333333333333333,5084.24951,1410.30412,152742.19336,101434.43359
MGAB,10,0.0,0.639765290567442,0.5624354920815895,0.5004126137483276,0.011408122295703566,0.0,0.0,0.0,2759.6149,606.83212,152742.19336,101434.43359
MGAB,2,0.0,0.6493682608720817,0.5090317723838579,0.5503216560912272,0.01461924343603639,0.0027450980392156863,0.0017412935323383085,0.006481481481481483,1835.29231,569.60857,152742.19336,101434.43359
MGAB,3,0.0,0.6502699172896582,0.6206703533873902,0.6877995031368668,0.01941060729599709,0.011568627450980392,0.007338308457711442,0.02731481481481481,1812.31317,580.02548,152744.2168,101434.43359
MGAB,4,0.0,0.6454131431919451,0.2906777945495508,0.40365787034372647,0.019871462686398656,0.00392156862745098,0.0024875621890547263,0.009259259259259259,1813.52842,578.76274,152743.20508,101434.43359
MGAB,5,0.0,0.6626627544114956,0.1672031302641227,0.3691156983411129,0.017389506140258797,0.00392156862745098,0.0024875621890547263,0.009259259259259259,1807.38314,570.64574,152742.27539,101434.43359
MGAB,6,0.0,0.6669813206156102,0.48553164587353576,0.607841077443297,0.021032802079456944,0.008431372549019607,0.005348258706467662,0.01990740740740741,1821.77397,569.2429,152741.18164,101434.43359
MGAB,7,0.0,0.6749231120533042,0.5694364804485321,0.5274672441165258,0.013744036094694004,0.00196078431372549,0.0012437810945273632,0.004629629629629629,1810.49389,572.35384,152743.20508,101434.43359
MGAB,8,0.0,0.6527304531774263,0.4497953321820789,0.45005451134868474,0.009538166212134363,0.0,0.0,0.0,1791.93719,574.39851,152742.19336,101434.43359
MGAB,9,0.0,0.6385936302398383,0.4652431077771734,0.6125130490040516,0.014912029802189716,0.005686274509803921,0.003606965174129353,0.013425925925925926,1837.84034,569.33393,152742.19336,101434.43359
NAB,TravelTime_387,0.0,,,0.5,,0.0,0.0,0.0,0.87527,0.60385,7215.31055,4811.52734
NAB,TravelTime_451,0.0,,,0.5,,0.0,0.0,0.0,0.62845,0.43023,6196.70898,4135.52734
NAB,Twitter_volume_AAPL,0.0,,,0.5,,0.0,0.0,0.0,52.76891,28.62687,47763.5791,31676.48926
NAB,Twitter_volume_AMZN,0.0,,,0.5,,0.0,0.0,0.0,58.04967,28.47248,47548.6377,31533.93457
NAB,Twitter_volume_CRM,0.0,0.8060649659529758,0.8060675073073278,0.754615105075363,0.24704934380589566,0.2832914572864322,0.2833982656780193,0.2831847293733517,86.04495,20.93534,43800.67676,31676.48926
NAB,Twitter_volume_CVS,0.0,0.8232570258798089,0.8254963702873426,0.7913266971680845,0.4155953022966271,0.3823907455012853,0.3780177890724269,0.38686605981794536,37.93714,12.53456,39667.17676,31578.10645
NAB,Twitter_volume_FB,0.0,0.7046333696923798,0.7046333696923798,0.6417308659037917,0.13285032005347713,0.1830327321309285,0.1426637509111736,0.2552636482206074,56.01159,28.42119,47554.69238,31537.9502
NAB,Twitter_volume_GOOG,0.0,0.7478298419485756,0.7478298419485756,0.6069268971653303,0.08154087757226564,0.20294972995429997,0.14276946457797524,0.3508330939385234,58.26735,27.36701,47581.93848,31556.02051
NAB,Twitter_volume_IBM,0.0,0.7154513244564266,0.7154513244564266,0.5123338147249287,0.1357889456116348,0.17358490566037735,0.17358490566037735,0.17358490566037735,442.43654,68.51933,46496.05957,31658.44238
NAB,Twitter_volume_KO,0.0,0.7234681680407136,0.7234966845225727,0.5188665332881726,0.14642819744217606,0.18657421998109047,0.18660950699785647,0.186538946307033,178.03277,71.15717,47609.18457,31574.09082
NAB,Twitter_volume_PFE,0.0,0.8470539182911185,0.8476164571589226,0.7797910755350245,0.3194556356991782,0.30245746691871456,0.30257186081694404,0.30234315948601664,115.93583,42.63969,39696.47754,31588.14551
NAB,Twitter_volume_UPS,0.0,0.7734458887630103,0.7733612736035953,0.5545468476074837,0.12525334135919888,0.12799495586380832,0.12794655237615027,0.1280433959883941,299.80919,58.19984,43298.13379,31604.20801
NAB,ambient_temperature_system_failure,0.0,0.4553655217412964,0.4551394968388995,0.7511855178093853,0.2891803233109849,0.364762560220234,0.36461199779856907,0.3649132470393831,26.09665,12.7572,12497.61133,7252.48047
NAB,art_daily_flatmiddle,0.0,0.6960591484420096,0.6965283151479332,0.5119027790903502,0.10566462155140506,0.0446096654275093,0.044576523031203553,0.04464285714285714,7.28374,3.75822,7568.04102,3970.43359
NAB,art_daily_jumpsdown,0.0,0.5162649357271525,0.5161628032500345,0.4704994706492394,0.10913206021149839,0.017348203221809175,0.01733531451213472,0.017361111111111112,7.65346,3.84229,7615.67383,3970.43359
NAB,art_daily_jumpsup,0.0,0.7621647077356011,0.7619687784980471,0.40970137382201693,0.1480291588144895,0.14622057001239158,0.14611193660227834,0.14632936507936506,7.74722,3.57303,7626.7207,3970.43359
NAB,art_daily_no_noise,0.0,0.0,0.0,0.0,0.0,0.0,0.0,0.0,4.11393,1.83611,6200.19727,3970.43359
NAB,art_daily_nojump,0.0,0.4543818070529443,0.454943533723308,0.2751560342257676,0.07519490076652344,0.0,0.0,0.0,7.11444,3.30515,7404.14258,3970.43359
NAB,art_daily_perfect_square_wave,0.0,0.0,0.0,0.0,0.0,0.0,0.0,0.0,3.66513,2.0445,6150.62305,3970.43359
NAB,art_daily_small_noise,0.0,0.0,0.0,0.0,0.0,0.0,0.0,0.0,6.90068,3.52196,7637.47852,3970.43359
NAB,art_flatline,0.0,0.0,0.0,0.0,0.0,0.0,0.0,0.0,2.48504,1.65126,5976.58008,3970.43359
NAB,art_increase_spike_density,0.0,0.671091966663888,0.671091966663888,0.7712287017952003,0.7972371438744945,0.1817361894024803,0.12189220252858267,0.35701630049610206,3.38701,1.82421,6077.7793,3970.43359
NAB,art_load_balancer_spikes,0.0,0.9768255489335297,0.9767213525545916,0.9219421597738078,0.8733695537138908,0.7856257744733581,0.7850421000495295,0.7862103174603174,3.58979,1.60547,5977.61914,3970.43359
NAB,art_noisy,0.0,0.0,0.0,0.0,0.0,0.0,0.0,0.0,6.7489,3.61626,7951.48242,3970.43359
NAB,cpu_utilization_asg_misconfiguration,0.0,0.8293959579055623,0.8368905312785864,0.6277935709588942,0.26517735145813465,0.35290556900726394,0.3343273311159537,0.37367004230226897,510.4324,90.66805,35226.7832,18203.96484
NAB,ec2_cpu_utilization_24ae8d,0.0,0.6370238516954047,0.637810631006532,0.7643534438201401,0.5920738425474342,0.4466501240694789,0.44598612487611494,0.44731610337972166,4.208,1.7111,5979.64258,3970.43359
NAB,ec2_cpu_utilization_53ea38,0.0,0.9552129534306779,0.9551416648668668,0.8874804004055342,0.770634998173161,0.6674937965260546,0.6665014866204163,0.6684890656063618,3.28989,1.38873,5980.6543,3970.43359
NAB,ec2_cpu_utilization_5f5533,0.0,0.6912242879812233,0.6903830168719548,0.6870195874887276,0.17261710947855358,0.02233250620347394,0.022299306243805744,0.02236580516898608,5.57505,2.83064,7145.1582,3970.45703
NAB,ec2_cpu_utilization_77c1ca,0.0,0.5189359655245936,0.5191212898639922,0.7683746536068399,0.20122196820527327,0.07434944237918216,0.07429420505200594,0.0744047619047619,5.16909,2.66734,7316.12305,3970.43359
NAB,ec2_cpu_utilization_825cc2,0.0,0.7748323883485443,0.7841964089140544,0.7584222468341612,0.18459855293457136,0.14457831325301207,0.13782542113323126,0.15202702702702706,5.40863,3.0248,7440.56445,3970.43359
NAB,ec2_cpu_utilization_ac20cd,0.0,0.23150031661309164,0.2301612707758248,0.39638606347027777,0.08781005111038227,0.0,0.0,0.0,5.78914,3.18449,7446.63477,3970.43359
NAB,ec2_cpu_utilization_c6585a,0.0,0.0,0.0,0.0,0.0,0.0,0.0,0.0,3.63398,1.41366,5979.64258,3970.54688
NAB,ec2_cpu_utilization_fe7f93,0.0,0.5392928868620112,0.5396844062247231,0.338953926927608,0.13158999202627475,0.0,0.0,0.0,4.89172,2.17922,6766.75977,3970.43359
NAB,ec2_disk_write_bytes_1ef3de,0.0,0.825596268956191,0.825596268956191,0.7163357845776632,0.34357998427245745,0.19172685489166122,0.1562165632356088,0.24813052345343303,7.3856,3.61857,8228.7793,4675.83984
NAB,ec2_disk_write_bytes_c0d644,0.0,0.20163388679366298,0.20163388679366298,0.43190562574893715,0.08980431335174711,0.0,0.0,0.0,5.43291,2.95532,7442.58789,3970.43359
NAB,ec2_network_in_257a54,0.0,,,0.5,,0.0,0.0,0.0,6.05149,3.49408,7951.48242,3970.43359
NAB,ec2_network_in_5abac7,0.0,,,0.5,,0.0,0.0,0.0,8.53903,7.02977,9372.02148,4675.83984
NAB,ec2_request_latency_system_failure,0.0,0.9530716681983236,0.9643810774345756,0.9804209105677687,0.9135967781331147,0.7493333333333333,0.7161060142711518,0.7857941834451901,4.62233,2.26169,6803.18164,3970.43359
NAB,elb_request_count_8c0756,0.0,,,0.5,,0.0,0.0,0.0,5.97798,3.06884,7951.48242,3970.43359
NAB,exchange-2_cpc_results,0.0,0.603668194436002,0.603668194436002,0.5764802678948174,0.15708560328136115,0.0,0.0,0.0,0.44477,0.27959,2323.58008,1562.43359
NAB,exchange-2_cpm_results,0.0,0.4377230809046344,0.43727666092099005,0.5003323696013469,0.3097503474244359,0.19692307692307695,0.19656019656019655,0.1972872996300863,0.46716,0.13457,2325.60352,1562.43359
NAB,exchange-3_cpc_results,0.0,0.7533485165419194,0.7540649407687107,0.9797396342691662,0.8928365426792917,0.5407166123778502,0.5396618985695708,0.54177545691906,0.39468,0.20522,2193.06445,1476.43359
NAB,exchange-3_cpm_results,0.0,0.6508715925782375,0.6478307201882619,0.7624357200020961,0.24265324933897267,0.1237785016286645,0.12353706111833551,0.12402088772845955,0.40422,0.24113,2196.09961,1476.43359
NAB,exchange-4_cpc_results,0.0,0.7690426018971842,0.7690426018971842,0.754297773657594,0.6313106252810955,0.36363636363636365,0.3636363636363637,0.3636363636363637,0.44675,0.23332,2351.68555,1581.43359
NAB,exchange-4_cpm_results,0.0,0.6669071439535046,0.6661326463616024,0.7851703282380209,0.6526176640771518,0.4133738601823708,0.412621359223301,0.4141291108404385,0.46343,0.29144,2356.74414,1581.43359
NAB,grok_asg_anomaly,0.0,0.4287178052152124,0.4287883359495577,0.7350578110573783,0.3133180710522699,0.33405172413793105,0.33448424687095385,0.3336203185535945,5.50937,2.53172,7295.70898,4565.13672
NAB,iio_us-east-1_i-a2eb1cd9_NetworkIn,0.0,,,0.5,,0.0,0.0,0.0,0.39365,0.29614,2312.86914,1181.45703
NAB,machine_temperature_system_failure,0.0,0.6870749636682502,0.6871012997959425,0.7079510001107591,0.24941381554488903,0.2423975319524019,0.24233345082833976,0.242461646975842,537.65563,113.76038,40810.25977,22921.54297
NAB,nyc_taxi,0.0,,,0.5,,0.0,0.0,0.0,57.93276,28.30427,30864.94629,20468.87988
NAB,occupancy_6005,0.0,0.5514626556639941,0.5516740994119175,0.3539453692351378,0.09174855091516931,0.012578616352201257,0.012594458438287152,0.012562814070351756,1.88897,1.26537,4570.85352,2318.43359
NAB,occupancy_t4013,0.0,0.6969027712087328,0.6969027712087328,0.7374093650831575,0.2259848253188248,0.084,0.084,0.084,2.00815,0.91678,4841.59961,2438.43359
NAB,rds_cpu_utilization_cc0c53,0.0,0.9755874239661093,0.9759014417788645,0.9838990125589382,0.9258955959906473,0.8387096774193548,0.8374628344895936,0.8399602385685884,3.29385,1.49195,5985.71289,3970.43359
NAB,rds_cpu_utilization_e47b3b,0.0,0.8827276564124871,0.8831586252810928,0.9359858052864322,0.6347442398830044,0.6501240694789082,0.6491575817641229,0.6510934393638171,3.88475,1.39263,6009.99414,3970.43359
NAB,rogue_agent_key_hold,0.0,0.39333977250945973,0.3931584277108167,0.3458308786195893,0.10701062395828702,0.0,0.0,0.0,0.6066,0.37609,2711.08008,1820.43359
NAB,rogue_agent_key_updown,0.0,0.6222326467774779,0.6236785775441488,0.6607434064708808,0.1749990680053665,0.17890772128060262,0.17870579382994733,0.17911010558069382,5.98388,3.39178,7940.21289,5269.98047
NAB,speed_6005,0.0,,,0.5,,0.0,0.0,0.0,1.9203,1.0544,7214.66992,4811.52734
NAB,speed_7578,0.0,0.16770297274768584,0.16729303332111942,0.544833162250866,0.28402960826084256,0.0,0.0,0.0,0.33667,0.23438,3079.58008,2065.52734
NAB,speed_t4013,0.0,0.4538358351332165,0.4538358351332165,0.8154710430848359,0.278286669346479,0.088,0.088,0.088,2.13572,1.3247,7199.61133,4801.52734
NASA-MSL,C-1,0.0,0.6285861972387283,0.6320428309420144,0.6771100799123105,0.4764166731067749,0.4749536178107607,0.5245901639344263,0.43389830508474575,0.81671,0.44424,3127.70898,2202.43359
NASA-MSL,C-2,0.0,0.636176887547446,0.6593071190229969,0.7155995932776967,0.530851038241035,0.5889212827988339,0.5254942767950053,0.6697612732095491,0.05771,0.20425,1027.50195,1989.43359
NASA-MSL,D-14,0.0,0.6525759577278732,0.6614091487226578,0.9901216597936265,0.9303641216237754,0.8288659793814434,0.7888540031397173,0.8731537793223284,1.91891,0.77208,5430.11523,2563.43359
NASA-MSL,D-15,0.0,0.9136393936964154,0.9541340463011997,0.9782338837576106,0.9418115843528466,0.4644107351225204,0.6611295681063123,0.35791366906474814,0.73766,0.46727,3003.24023,2096.43359
NASA-MSL,D-16,0.0,0.9469305306430125,0.6661913237043716,0.621642496099699,0.6170772359763794,0.5051664753157291,0.7184846505551927,0.3895184135977337,0.29404,0.3533,2061.52148,2129.43359
NASA-MSL,F-4,0.0,0.7338529040731199,0.8664742926668573,0.8818312947311778,0.12742997152506444,0.033816425120772944,0.024255024255024252,0.05582137161084529,0.9024,0.81516,3258.22461,3360.43359
NASA-MSL,F-5,0.0,0.7698104548624377,0.8908600405847045,0.9822313061986101,0.804308606718724,0.5551470588235294,0.4381892048752176,0.757271815446339,0.99546,1.0685,3789.27539,3860.43359
NASA-MSL,F-7,0.0,0.9383216929963945,0.9743640774692006,0.9738336589073288,0.8811079188423561,0.7039827771797632,0.6681651001225992,0.7438580527752503,0.96279,1.1569,3661.80664,5004.92578
NASA-MSL,F-8,0.0,0.8829349917622378,0.7394314863706408,0.6772284906887881,0.5861592800701092,0.470737913486005,0.6033920417482062,0.3858990404672507,2.22711,0.64056,4926.45117,2425.43359
NASA-MSL,M-1,0.0,0.3035436292651605,0.7696468713818668,0.09991333575403297,0.2912223226613812,0.0,0.0,0.0,0.91498,0.52574,3208.04883,2215.43359
NASA-MSL,M-2,0.0,0.9548039568733333,0.9851108760647412,0.9726357741225078,0.9837280788451896,0.33308984660336016,0.5552849488553336,0.2378964941569282,0.92366,0.50668,3201.99023,2215.43359
NASA-MSL,M-3,0.0,0.8362280203659981,0.8053644860900098,0.6952362776602703,0.5030671109713867,0.33620689655172414,0.3535811423390752,0.32046014790468363,0.79137,0.45546,2953.08789,2065.43359
NASA-MSL,M-4,0.0,0.7910420101045708,0.7777336684297214,0.7933415330677502,0.5650944196894019,0.5230769230769231,0.5576382380506092,0.4925496688741722,0.78757,0.21277,3006.25195,1976.43359
NASA-MSL,M-5,0.0,0.694039329338919,0.671548559013275,0.5048119082959328,0.16428455834957525,0.0,0.0,0.0,0.76452,0.44595,2943.0293,2241.43359
NASA-MSL,M-6,0.0,0.9943690701065137,0.995052681799539,0.9992885781547437,0.9930131588944365,0.9378238341968913,0.9040959040959042,0.9741657696447795,0.31741,0.33589,2233.18945,1987.43359
NASA-MSL,M-7,0.0,0.9797928460015072,0.9968867837946189,0.9996154598813564,0.994476833516526,0.637223974763407,0.5233160621761659,0.8145161290322582,0.39126,0.25762,2266.3457,2094.43359
NASA-MSL,P-10,0.0,0.8507317353072014,0.8404366042953857,0.7590807416675099,0.06357060534238959,0.0,0.0,0.0,3.77443,2.18056,6398.69336,6067.24609
NASA-MSL,P-11,0.0,0.9554288752262781,0.9874793701103385,0.9927269522880887,0.92277376988639,0.7800687285223368,0.690389294403893,0.89652448657188,3.55461,1.0064,5882.79102,3473.43359
NASA-MSL,P-14,0.0,0.8540537562812828,0.8473632730449063,0.7574253562697514,0.08218108762062094,0.0,0.0,0.0,1.43669,1.41375,4214.83008,6067.24609
NASA-MSL,P-15,0.0,0.8745938319461861,0.8902159093725986,0.5124660163274076,0.027032870214702465,0.0,0.0,0.0,2.8618,1.05315,5441.35352,2794.43359
NASA-MSL,S-2,0.0,0.9744078184528739,0.9996764937211143,0.9994369397146535,0.9822430065651598,0.11340206185567009,0.0740242261103634,0.2422907488986784,0.09982,0.18979,1271.45117,1765.43359
NASA-MSL,T-12,0.0,0.8070841989874811,0.8533599870775136,0.81692056343265,0.3452129198320316,0.1263736263736264,0.10521500457456541,0.15818431911966988,0.19362,0.3771,1601.74023,2368.43359
NASA-MSL,T-13,0.0,0.34069754401704616,0.3491074579282316,0.42025721806412647,0.1601867345186875,0.0,0.0,0.0,0.20649,0.31334,1601.76758,2368.43359
NASA-MSL,T-4,0.0,0.976707535381551,0.9977741230184979,0.9996233103674412,0.992825475131754,0.4742268041237113,0.3605015673981191,0.6927710843373495,0.77237,0.52276,3391.44336,2155.43359
NASA-MSL,T-5,0.0,0.9746876561719141,0.9994795774368169,0.9996038396295891,0.9886350685345598,0.20967741935483872,0.1422319474835886,0.3987730061349693,0.72909,0.28259,3298.33789,2156.43359
NASA-MSL,T-8,0.0,0.544565531955899,0.6066972472379398,0.9167303551169952,0.5754085069167184,0.3937007874015748,0.3521126760563381,0.44642857142857145,0.07707,0.1448,1023.64258,1457.43359
NASA-MSL,T-9,0.0,0.6416296197996152,0.6400293255131965,0.9588351172273155,0.853775902030523,0.7297297297297297,0.733695652173913,0.7258064516129031,0.02661,0.0717,549.73242,1034.45703
NASA-SMAP,A-1,0.0,0.6667096810635034,0.9985160701819235,0.9997417811294852,0.9812889721484286,0.019484240687679084,0.012267282436137972,0.047327394209354126,1.1914,1.90222,4214.83008,8646.93359
NASA-SMAP,A-2,0.0,0.39698316703931336,0.4433597137724008,0.564211977508829,0.02597793638377739,0.0,0.0,0.0,1.43481,2.19231,3870.63867,7909.58984
NASA-SMAP,A-3,0.0,0.4755876286480589,0.7165391965046609,0.9263693580809186,0.3392768952308658,0.3257199602780536,0.23631123919308356,0.5239616613418531,1.28313,2.28317,4000.11914,8205.13672
NASA-SMAP,A-4,0.0,0.5589683507367347,0.8787938442000894,0.9796959288859945,0.6808501639784081,0.24156692056583245,0.1660185462159737,0.44329073482428116,1.06215,2.10617,3931.86133,8078.18359
NASA-SMAP,A-5,0.0,0.8852287064568111,0.9619339365258102,0.6472511915752109,0.1097438333018735,0.0,0.0,0.0,0.06708,0.43701,938.15039,4638.26172
NASA-SMAP,A-6,0.0,0.682831844086353,0.9983281724730543,0.9994995916771439,0.9725430824001403,0.16837782340862426,0.11232876712328767,0.3360655737704918,0.07606,0.38881,904.02148,4394.51172
NASA-SMAP,A-7,0.0,0.300983684000088,0.479045663584593,0.35619129794380244,0.18303968694297743,0.0,0.0,0.0,1.55882,2.1704,4217.88086,8637.79297
NASA-SMAP,A-8,0.0,0.4411357010203724,0.7525427730157043,0.3725175502077792,0.3447116830642788,0.10335917312661497,0.16764459346186086,0.07471049682480388,0.07647,0.81149,1025.50195,8377.79297
NASA-SMAP,A-9,0.0,0.1413139806471951,0.3845737583850065,0.04126642215619814,0.23441788948136275,0.0,0.0,0.0,0.07363,0.82551,1025.50195,8437.71484
NASA-SMAP,B-1,0.0,0.762209005866834,0.762209005866834,0.647825551688378,0.02139375794275947,0.0,0.0,0.0,0.79503,1.6024,3543.28711,8041.62109
NASA-SMAP,D-1,0.0,0.9519467629098158,0.728824508891977,0.9475183113084107,0.9677878538716936,0.4141119221411192,0.6386012306768722,0.3064016706272053,1.76746,2.02253,4167.95508,8513.88672
NASA-SMAP,D-11,0.0,0.2994838604399318,0.16966257357356063,0.7177073809833727,0.02512514799694163,0.0,0.0,0.0,1.01577,1.70442,3809.35742,7419.04297
NASA-SMAP,D-12,0.0,0.9041643061550559,0.7178453703052499,0.8513838335158038,0.9033175376465202,0.44847112117780297,0.6702775897088693,0.3369639210347175,0.00568,0.43513,346.82617,7913.65234
NASA-SMAP,D-13,0.0,0.7847148537659595,0.7847148537659595,0.6231860686965446,0.038182080363102486,0.0,0.0,0.0,0.27255,1.29476,2120.75586,7654.66797
NASA-SMAP,D-2,0.0,0.9962139021077353,0.7657505620639369,0.959433437137849,0.9794423778388117,0.9141459647316257,0.9637932906307677,0.8693629731185428,0.94747,2.28958,4214.83008,8601.23047
NASA-SMAP,D-3,0.0,0.8451439227774757,0.7276412213318902,0.8802243953947337,0.8440740167477432,0.3502415458937198,0.5384729649435532,0.2595217640320733,1.38777,2.45367,4214.85742,8646.93359
NASA-SMAP,D-4,0.0,0.8831183251635207,0.7289263748511666,0.8953935587668366,0.9358263226277442,0.4140625,0.6385542168674699,0.3063583815028902,1.15707,2.43832,4143.18848,8477.32422
NASA-SMAP,D-5,0.0,0.5970659777926953,0.005743251679276834,0.10622025182219813,0.010272666122796148,0.0,0.0,0.0,0.76293,1.89748,3733.02539,7619.12109
NASA-SMAP,D-6,0.0,0.6799088697499754,0.9993921671591508,0.9998788340374071,0.9926337946620761,0.18620689655172412,0.1251158480074143,0.36388140161725074,0.9477,2.09569,3784.26367,7879.14453
NASA-SMAP,D-7,0.0,0.9000684744354429,0.7200054951938533,0.8887170143499087,0.9284572776054919,0.4413037207960773,0.6638320027768135,0.330510671390305,0.76454,1.56396,3766.1543,7633.33984
NASA-SMAP,D-8,0.0,0.6666853116045185,0.9992264657049403,0.9998369039440301,0.9862454404766646,0.012870662460567823,0.008083177481218498,0.031567219608814055,0.87003,2.09359,3795.27148,7868.96484
NASA-SMAP,D-9,0.0,0.993341289223047,0.6774078698578377,0.9282071268109555,0.9396842762880063,0.7812335266209804,0.8992718446601942,0.690587138863001,0.8419,1.7043,3766.1543,7393.65234
NASA-SMAP,E-1,0.0,0.6548155121104133,0.6852852996067264,0.7093379995725455,0.1369565423514969,0.1852941176470588,0.16087844739530133,0.2184466019417476,1.43916,2.26274,4232.05664,8520.99609
NASA-SMAP,E-10,0.0,0.7766381979458599,0.6619500162975258,0.9493505873119813,0.6289763969923,0.5029838022165388,0.3958668813741277,0.6895745675549321,1.44703,2.20698,4230.0332,8509.82422
NASA-SMAP,E-11,0.0,0.7758113178660317,0.6632148801685966,0.9562588763402846,0.6382580853650723,0.46904969485614645,0.3632190116122063,0.6619094488188977,1.27508,2.16672,4228.00977,8518.96484
NASA-SMAP,E-12,0.0,0.6046662798428707,0.6024641101744649,0.4731791356968656,0.07918182497224747,0.05296167247386759,0.04760711601102481,0.059673366834170856,1.36952,2.34399,4232.05664,8516.93359
NASA-SMAP,E-13,0.0,0.36964135634816514,0.338788407127875,0.6663035173753495,0.1018447244035675,0.0017730496453900707,0.0013440860215053765,0.0026041666666666665,1.41024,2.24509,4219.91602,8646.93359
NASA-SMAP,E-2,0.0,0.9811175278292668,0.9830055456749833,0.9876201891486601,0.938647596663208,0.6607460035523979,0.7727461570419608,0.5771020788085635,1.21836,2.43216,4223.96289,8537.24609
NASA-SMAP,E-3,0.0,0.9473262273274377,0.6526031546019492,0.5246203078488809,0.568770827648592,0.4109792284866469,0.635612666360716,0.30366147774610835,1.54496,2.17887,4214.85742,8308.73047
NASA-SMAP,E-4,0.0,0.3878665157782001,0.5926178999318962,0.34885176187662786,0.2434627074480227,0.013706140350877194,0.02030539311241066,0.010344256868586562,1.39694,2.13222,4218.9043,8356.46484
NASA-SMAP,E-5,0.0,0.7097585088622403,0.8555938918972424,0.751579308085352,0.5400444698889678,0.31450912250217206,0.2485580884372425,0.42809839167455055,1.49792,2.179,4232.05664,8295.52734
NASA-SMAP,E-6,0.0,0.6666947688468907,0.9977894043471127,0.9995644050461577,0.9607402257063202,0.01577814965335883,0.009920038477725003,0.03853339560952826,1.40735,2.24515,4214.85742,8301.62109
NASA-SMAP,E-7,0.0,0.6671746653385205,0.9997524162492505,0.99996018116659,0.999070614579599,0.0654172971714585,0.04191402404462873,0.14892940428238285,1.40092,2.20718,4051.33008,8311.77734
NASA-SMAP,E-8,0.0,0.9179675207400692,0.9386213769828045,0.8396616805217749,0.62798210072311,0.48476641841570756,0.4431790047041348,0.534967124925284,1.38739,2.51229,4220.92773,8537.24609
NASA-SMAP,E-9,0.0,0.9015045657890833,0.8360714813362342,0.8820460657256607,0.1728694842474144,0.20981387478849406,0.1687074829931973,0.2774049217002237,1.16168,2.02632,4215.86914,8303.65234
NASA-SMAP,F-1,0.0,0.6895370764582968,0.519096894919502,0.4824414193176911,0.01777233837679445,0.0,0.0,0.0,1.3322,2.37147,4199.55273,8590.05859
NASA-SMAP,F-2,0.0,0.9874117678227841,0.7169257179962345,0.8715156761441275,0.9091851502552508,0.4518324607329843,0.6732719613044156,0.3400047277598298,1.56737,2.31217,4187.31836,8632.71484
NASA-SMAP,F-3,0.0,0.2834008907377393,0.23449261963498513,0.32040579961125987,0.008798590872104592,0.0,0.0,0.0,1.58299,2.30445,4215.88477,8378.83203
NASA-SMAP,G-1,0.0,0.22128241322173045,0.1632375851902393,0.2756584327229705,0.013425079365302647,0.0,0.0,0.0,1.53682,2.5123,4125.59961,8473.26172
NASA-SMAP,G-2,0.0,0.6666804548506163,0.999087851323959,0.9998153230204185,0.9830557792105081,0.011078087003512564,0.006952687807359674,0.02724252491694352,0.82834,1.50639,3608.54492,7347.94922
NASA-SMAP,G-3,0.0,0.666685156301499,0.9987581793983861,0.9997622067846464,0.9778746561044243,0.01281729077657703,0.008049496511884845,0.03143878683269634,0.8554,1.73958,3828.40039,7902.48047
NASA-SMAP,G-4,0.0,0.6666739993302058,0.9998627471081604,0.9998576887473911,0.9871142257377442,0.008090826047239983,0.00507215550247063,0.019984528107271787,0.91781,1.87054,3717.99414,7623.18359
NASA-SMAP,G-6,0.0,0.9747122723684231,0.9998160452111732,0.9999210102931768,0.9957394334457991,0.20932642487046632,0.14197357323587295,0.3982649842271294,1.38692,2.10718,4216.89258,8646.93359
NASA-SMAP,G-7,0.0,0.960503685782779,0.9963257285354654,0.9995405655801808,0.9903226960056358,0.5004668534080299,0.38505747126436785,0.7146666666666667,0.97973,2.11641,3560.38477,8026.38672
NASA-SMAP,P-1,0.0,0.48787600762834554,0.49046902017396743,0.3823035330253868,0.09740964019294329,0.0,0.0,0.0,1.28223,2.5416,4208.00977,8509.82422
NASA-SMAP,P-2,0.0,0.9986955813525585,0.9999389788626022,0.9963075072120948,0.9968078536307513,0.8455200823892894,0.9318955732122588,0.7737983034872761,1.27311,2.23603,4126.59961,8209.19922
NASA-SMAP,P-3,0.0,0.9972552246892489,0.6775745531826959,0.9493365198317478,0.9568020781751978,0.777676120768527,0.8973817567567567,0.6861478850500483,1.38575,1.93337,4178.14258,8497.63672
NASA-SMAP,P-4,0.0,0.9785685852609841,0.9924747632594075,0.9989311330168369,0.9829923116197482,0.7250409165302782,0.6223658330991851,0.8682869462955703,0.83363,2.38147,3805.30664,7776.54297
NASA-SMAP,P-7,0.0,0.9961449781422199,0.9605982916816134,0.9265622022804305,0.9197047224830609,0.6571777145180967,0.8273602293671922,0.5450620615218564,1.77208,2.10006,4175.08398,8069.04297
NASA-SMAP,R-1,0.0,0.6667222331019711,0.9992403647789996,0.9998579971490531,0.9917982079020927,0.0221160409556314,0.013938121623016827,0.05351479915433403,1.02271,2.21311,4205.6543,7229.12109
NASA-SMAP,S-1,0.0,0.81674572221717,0.9796119824849291,0.915367576762781,0.8728366478605885,0.6548223350253807,0.5718085106382977,0.7660332541567695,1.25414,2.03612,4129.66992,7317.48047
NASA-SMAP,T-1,0.0,0.9930635990742055,0.9692220076024194,0.9889303698907347,0.9367511115029784,0.6488740617180985,0.7804975922953451,0.5552383671139023,1.50795,2.46663,4213.78711,8618.49609
NASA-SMAP,T-2,0.0,0.9942519947947877,0.983194355490375,0.9652659061957622,0.9585110687229272,0.6518126888217523,0.8239450066832155,0.5391728101961764,1.70275,2.42095,4184.21289,8631.69922
NASA-SMAP,T-3,0.0,0.6668738953490172,0.9980978124327242,0.9996906673592757,0.9890125744427669,0.04199475065616798,0.02666666666666667,0.09876543209876543,1.58257,2.53548,4208.74023,8584.98047
NormA,Discords_annsgun,0.0,0.9407682553725213,0.9652350651272961,0.9834019180968846,0.8591444445873816,0.6114285714285714,0.5631578947368422,0.6687500000000001,1.22592,0.75958,3835.74023,1938.43359
NormA,Discords_dutch_power_demand,0.0,,,0.5,,0.0,0.0,0.0,877.54903,296.02209,105700.88379,70102.00488
NormA,Discords_marotta_valve_tek_14,0.0,0.4855173403289656,0.5146189527492137,0.6830139128429307,0.12311818521621262,0.015873015873015876,0.013297872340425532,0.01968503937007874,5.45028,3.10629,7460.01758,4950.08203
NormA,Discords_marotta_valve_tek_16,0.0,0.7294046187032104,0.896135987774324,0.7342222262017738,0.2419110077376001,0.07961783439490447,0.0587406015037594,0.12351778656126482,5.57528,2.76207,7460.00195,4950.05859
NormA,Discords_marotta_valve_tek_17,0.0,0.6868112296323091,0.7123530695973722,0.8581351210461385,0.10749424911966807,0.14649681528662423,0.10808270676691727,0.22727272727272724,5.4183,2.52833,7462.02539,4950.05859
NormA,Discords_patient_respiration1,0.0,0.6592080511558054,0.6592080511558054,0.6738745675264391,0.0374768455652357,0.08630887185104053,0.0557757644394111,0.19070667957405615,19.37801,11.04969,12974.24805,6473.49609
NormA,Discords_patient_respiration2,0.0,,,0.5,,0.0,0.0,0.0,5.97232,3.66185,7886.35742,3938.43359
SSA,stb-10,0.0,0.6400215807290218,0.7240823782223604,0.5810424570592986,0.32593954658723934,0.1837871937756282,0.23792671639353183,0.14971906262847742,421.56755,144.43695,44979.58398,29851.15234
SSA,stb-11,0.0,0.6466249186418883,0.7477353810930493,0.6738697315486475,0.41257068616895554,0.28865087092935193,0.36852864799160173,0.23723146962583583,383.88937,110.90608,44974.51367,29850.13672
SSA,stb-12,0.0,0.7117640668937604,0.7434030250067943,0.5962320213532074,0.3555919050723928,0.21381981247452098,0.2809620741375616,0.17257831008160043,310.89337,89.23344,44975.52539,29850.13672
SSA,stb-13,0.0,0.6728136912479019,0.732296696886889,0.607490997303444,0.3713711154857894,0.20296831127156037,0.2687486721903548,0.16305748904356793,244.94805,83.65712,44981.5957,29850.13672
SSA,stb-14,0.0,0.42900598801690476,0.6488761205081337,0.5070011383287668,0.2754726795958389,0.07059767348576013,0.09347779902273211,0.056715648362980146,245.25138,83.52739,44982.61914,29851.15234
SSA,stb-15,0.0,0.6290149150969213,0.7598508510842523,0.6244572490855393,0.44413474780748863,0.22720607263003534,0.3174564913464783,0.17691150394927727,278.43389,87.49519,46487.3418,30841.38672
SSA,stb-17,0.0,0.742278095788963,0.7336311684535325,0.6530787116141149,0.45888831456299684,0.30349013657056145,0.402302407625178,0.24364645025864007,150.82325,43.73814,38516.82227,25563.18359
SSA,stb-18,0.0,0.7359703026933686,0.8174505679481461,0.6290940532435682,0.3792603886936228,0.250184683575474,0.3233815010503533,0.20400787116983252,184.30177,56.45465,38497.44727,25549.98047
SSA,stb-19,0.0,0.6489235183521379,0.728160639493562,0.616310949015365,0.41925331347605477,0.20446096654275092,0.2824237089201878,0.16022973197935741,213.5024,69.0506,46483.29492,30841.38672
SSA,stb-2,0.0,0.790859275726957,0.7810271200448168,0.7591646199314274,0.31951266834389225,0.3282340709936135,0.3541439651304403,0.3058569530558016,129.20874,61.70107,45007.31055,29886.69922
SSA,stb-20,0.0,0.7099675907157045,0.7282758739093496,0.5951473526587574,0.3584289303752897,0.24627483443708606,0.3212742980561554,0.19966442953020133,187.65464,62.22522,44969.4668,29851.15234
SSA,stb-25,0.0,0.6103129471848392,0.6616814948780374,0.5689608920984495,0.3097031023704516,0.1631346241805153,0.20929504733588924,0.13365644049165584,96.50398,25.61123,31558.38086,20929.90234
SSA,stb-28,0.0,0.6561549611072105,0.7121892690716337,0.5811878262481103,0.33781187930389034,0.20336391437308868,0.2605391004544742,0.16676697763065504,101.27428,31.37553,31557.36914,20929.90234
SSA,stb-29,0.0,0.7349668001377889,0.7165196185447422,0.7888370922313359,0.5341813178664996,0.48586469097289925,0.548850321557572,0.43584720861900106,80.96175,30.45436,31542.19336,20929.90234
SSA,stb-3,0.0,0.6341985910198519,0.7198140768634299,0.6178463342322305,0.3583439585816177,0.1801893515219383,0.23374359516137552,0.1466008481314604,464.01255,142.04418,46262.16211,30702.26953
SSA,stb-31,0.0,0.530471832794687,0.6822823730746358,0.5179244404555636,0.27378025668492667,0.14977834072197593,0.1886265752113575,0.12419913874593007,189.20017,61.50022,31557.36914,20929.90234
SSA,stb-32,0.0,0.5840898183975501,0.6878841407249829,0.5812352313465072,0.34468490597403806,0.21205116350747422,0.27063173629140114,0.1743184351880004,162.10472,54.90107,31555.33398,20928.88672
SSA,stb-4,0.0,0.5890035757265402,0.6882301727969053,0.6095227283882638,0.348360939503964,0.17669841934470845,0.22614007823803653,0.14499725123694338,314.0207,77.39066,46261.13477,30702.24609
SSA,stb-5,0.0,0.643006297732215,0.7218579505943133,0.6576181709722364,0.3991491997177828,0.2784924396298804,0.3482334349249351,0.23202466907340555,258.85351,75.4857,44975.56055,29853.18359
SSA,stb-6,0.0,0.6866586812295461,0.7938177276036549,0.6824055452801748,0.48907464690586505,0.30966994788650837,0.4080947439106282,0.24949615585578858,195.72912,60.06003,39319.16211,26093.33984
SSA,stb-7,0.0,0.6769604503876285,0.7230870217810335,0.712247380886761,0.6184779247601491,0.4242799628367916,0.5987762237762239,0.328537170263789,172.70193,55.96191,37924.44336,25167.08984
SSA,stb-8,0.0,0.6951335841530183,0.7291052493499255,0.6139119088002228,0.39832192617564566,0.2261715647339158,0.3008770076077768,0.18118477984219905,219.99142,69.56247,44985.66602,29852.16797
SSA,stb-9,0.0,0.7119512029779322,0.8279952644719746,0.8076269796627499,0.6798142391874642,0.4290977798771847,0.5840748932668073,0.33911719029984466,198.56993,77.04465,44982.60742,29850.13672
YAHOO,Yahoo_A1real_35_data,0.0,0.0,0.0,0.0,0.0,0.0,0.0,0.0,0.27625,0.19882,3983.0957,2665.52734
YAHOO,Yahoo_A1real_36_data,0.0,0.6316434816880028,0.6662346079066753,0.8301752773986425,0.6918067805134673,0.05263157894736842,0.03372681281618887,0.11976047904191615,0.1783,0.11522,2081.66602,1399.43359
YAHOO,Yahoo_A1real_37_data,0.0,,,0.5,,0.0,0.0,0.0,0.35094,0.2025,4004.17773,2679.52734
YAHOO,Yahoo_A1real_38_data,0.0,,,0.5,,0.0,0.0,0.0,0.27811,0.19776,3983.0957,2665.52734
YAHOO,Yahoo_A1real_39_data,0.0,,,0.5,,0.0,0.0,0.0,0.28599,0.19908,3983.0957,2665.52734
YAHOO,Yahoo_A1real_3_data,0.0,0.9603546463193016,0.6661886157954601,0.9707425321391122,0.6960042830792682,0.1851851851851852,0.12437810945273632,0.36231884057971014,0.16816,0.11477,2079.61523,1399.43359
YAHOO,Yahoo_A1real_40_data,0.0,,,0.5,,0.0,0.0,0.0,0.2929,0.19916,3983.0957,2665.52734
YAHOO,Yahoo_A1real_41_data,0.0,,,0.5,,0.0,0.0,0.0,0.2849,0.20556,4007.18945,2681.52734
YAHOO,Yahoo_A1real_42_data,0.0,0.3094687328139934,0.31530853693048994,0.2858330946961494,0.04067878543171595,0.0,0.0,0.0,0.31262,0.20389,4022.79004,2691.52734
YAHOO,Yahoo_A1real_43_data,0.0,0.7704864430520898,0.49408778912153195,0.8539043222421963,0.5481892435661244,0.05681818181818182,0.04111842105263158,0.09191176470588236,0.18602,0.11392,2046.50195,1378.43359
YAHOO,Yahoo_A1real_44_data,0.0,,,0.5,,0.0,0.0,0.0,0.59165,0.38443,2751.42383,1399.45703
YAHOO,Yahoo_A1real_45_data,0.0,,,0.5,,0.0,0.0,0.0,0.55603,0.39531,4022.24805,2691.52734
YAHOO,Yahoo_A1real_46_data,0.0,,,0.5,,0.0,0.0,0.0,0.53869,0.3914,4025.25977,2693.52734
YAHOO,Yahoo_A1real_47_data,0.0,,,0.5,,0.0,0.0,0.0,0.54138,0.39139,3983.0957,2665.52734
YAHOO,Yahoo_A1real_48_data,0.0,,,0.5,,0.0,0.0,0.0,0.58334,0.40652,4019.23633,2689.52734
YAHOO,Yahoo_A1real_49_data,0.0,0.9575581367128913,0.9994294972302087,0.9989975053217653,0.9616920836830599,0.039999999999999994,0.025380710659898477,0.09433962264150941,0.16107,0.21968,2077.5918,1399.43359
YAHOO,Yahoo_A1real_4_data,0.0,,,0.5,,0.0,0.0,0.0,0.44969,0.39873,3971.04883,2657.52734
YAHOO,Yahoo_A1real_50_data,0.0,,,0.5,,0.0,0.0,0.0,0.44956,0.28453,4019.23633,2689.52734
YAHOO,Yahoo_A1real_51_data,0.0,,,0.5,,0.0,0.0,0.0,0.5454,0.29316,3983.0957,2665.52734
YAHOO,Yahoo_A1real_52_data,0.0,,,0.5,,0.0,0.0,0.0,0.56081,0.23741,3998.1543,2675.52734
YAHOO,Yahoo_A1real_53_data,0.0,0.5899938472068027,0.39645984012181196,0.9790351129422679,0.8055930362024926,0.1829268292682927,0.12396694214876033,0.3488372093023256,0.33131,0.25244,2134.27539,1399.43359
YAHOO,Yahoo_A1real_54_data,0.0,0.5481458398254908,0.07099391480730226,0.9521315804653706,0.6735403491592695,0.05063291139240507,0.03289473684210526,0.10989010989010989,0.10186,0.08022,1189.30273,679.43359
YAHOO,Yahoo_A1real_55_data,0.0,,,0.5,,0.0,0.0,0.0,0.55947,0.40593,3983.0957,2665.52734
YAHOO,Yahoo_A1real_56_data,0.0,,,0.5,,0.0,0.0,0.0,0.5258,0.39076,3983.0957,2665.52734
YAHOO,Yahoo_A1real_57_data,0.0,,,0.5,,0.0,0.0,0.0,0.525,0.19837,4025.25977,2693.52734
YAHOO,Yahoo_A1real_58_data,0.0,0.8971510706864799,0.8791897131511003,0.8911405066068308,0.4319501447199493,0.3850267379679144,0.29079159935379645,0.569620253164557,0.69711,0.38903,4007.18945,2681.52734
YAHOO,Yahoo_A1real_59_data,0.0,0.0,0.0,0.0,0.0,0.0,0.0,0.0,0.30079,0.20193,2024.41602,1361.43359
YAHOO,Yahoo_A1real_5_data,0.0,,,0.5,,0.0,0.0,0.0,0.53366,0.28987,4019.23633,2689.52734
YAHOO,Yahoo_A1real_60_data,0.0,0.31671388101983,0.3319502074688797,0.8270963394848145,0.6015303578549311,0.061349693251533756,0.041390728476821195,0.11848341232227488,0.36285,0.23043,2078.67578,1399.43359
YAHOO,Yahoo_A1real_61_data,0.0,,,0.5,,0.0,0.0,0.0,0.55299,0.27525,4025.35352,2693.55078
YAHOO,Yahoo_A1real_62_data,0.0,0.7553728848311516,0.4796663190823774,0.9686694609561238,0.8178484162531094,0.14634146341463417,0.09771986970684039,0.29126213592233013,0.07587,0.06431,1000.45508,679.43359
YAHOO,Yahoo_A1real_63_data,0.0,0.8246798180436287,1.0,0.9511234278088507,0.5357057225321605,0.10526315789473684,0.06849315068493152,0.22727272727272727,0.42401,0.18408,2513.92773,1377.43359
YAHOO,Yahoo_A1real_64_data,0.0,0.0,0.0,0.0,0.0,0.0,0.0,0.0,0.72516,0.26991,4025.25977,2693.52734
YAHOO,Yahoo_A1real_65_data,0.0,,,0.5,,0.0,0.0,0.0,0.57123,0.29232,3974.06055,2659.52734
YAHOO,Yahoo_A1real_66_data,0.0,,,0.5,,0.0,0.0,0.0,0.60786,0.40766,3974.06055,2659.52734
YAHOO,Yahoo_A1real_67_data,0.0,,,0.5,,0.0,0.0,0.0,0.53141,0.2316,3971.04883,2657.52734
YAHOO,Yahoo_A1real_6_data,0.0,,,0.5,,0.0,0.0,0.0,0.29308,0.36466,4019.23633,2689.52734
YAHOO,Yahoo_A1real_7_data,0.0,0.41619287333841287,0.41619287333841287,0.40613320083434695,0.13424051421515779,0.08027923211169284,0.054528212422949265,0.15211640211640212,0.43537,0.3787,3971.04883,2657.52734
YAHOO,Yahoo_A1real_8_data,0.0,,,0.5,,0.0,0.0,0.0,0.55155,0.35476,3962.01367,2651.52734
YAHOO,Yahoo_A1real_9_data,0.0,0.4147385104191107,0.39793947198969737,0.6988935850384521,0.5360011420458995,0.012903225806451611,0.008389261744966441,0.027932960893854743,0.37173,0.2178,2077.61914,1399.43359
YAHOO,Yahoo_A2synthetic_100_data,0.0,,,0.5,,0.0,0.0,0.0,0.57123,0.27971,2671.5957,1359.43359
YAHOO,Yahoo_A2synthetic_10_data,0.0,,,0.5,,0.0,0.0,0.0,0.57631,0.35392,2670.95508,1359.43359
YAHOO,Yahoo_A2synthetic_11_data,0.0,,,0.5,,0.0,0.0,0.0,0.57212,0.34477,2670.95508,1359.43359
YAHOO,Yahoo_A2synthetic_12_data,0.0,,,0.5,,0.0,0.0,0.0,0.57622,0.33803,2670.95508,1359.43359
YAHOO,Yahoo_A2synthetic_13_data,0.0,,,0.5,,0.0,0.0,0.0,0.5746,0.37499,2670.95508,1359.43359
YAHOO,Yahoo_A2synthetic_14_data,0.0,,,0.5,,0.0,0.0,0.0,0.57598,0.18289,2670.95508,1359.43359
YAHOO,Yahoo_A2synthetic_15_data,0.0,,,0.5,,0.0,0.0,0.0,0.54225,0.35541,2670.95508,1359.43359
YAHOO,Yahoo_A2synthetic_16_data,0.0,,,0.5,,0.0,0.0,0.0,0.38995,0.29058,2670.95508,1359.43359
YAHOO,Yahoo_A2synthetic_17_data,0.0,,,0.5,,0.0,0.0,0.0,0.55608,0.3992,2670.95508,1359.45703
YAHOO,Yahoo_A2synthetic_18_data,0.0,,,0.5,,0.0,0.0,0.0,0.55041,0.38671,2670.95508,1359.43359
YAHOO,Yahoo_A2synthetic_19_data,0.0,,,0.5,,0.0,0.0,0.0,0.55441,0.38871,2670.95508,1359.43359
YAHOO,Yahoo_A2synthetic_1_data,0.0,,,0.5,,0.0,0.0,0.0,0.54971,0.37308,2670.95508,1359.43359
YAHOO,Yahoo_A2synthetic_20_data,0.0,,,0.5,,0.0,0.0,0.0,0.45448,0.26518,2670.95508,1359.43359
YAHOO,Yahoo_A2synthetic_21_data,0.0,,,0.5,,0.0,0.0,0.0,0.56525,0.341,2670.95508,1359.43359
YAHOO,Yahoo_A2synthetic_22_data,0.0,,,0.5,,0.0,0.0,0.0,0.53232,0.39571,2670.95508,1359.43359
YAHOO,Yahoo_A2synthetic_23_data,0.0,,,0.5,,0.0,0.0,0.0,0.54438,0.19285,2670.95508,1359.43359
YAHOO,Yahoo_A2synthetic_24_data,0.0,,,0.5,,0.0,0.0,0.0,0.56169,0.39347,2670.95508,1359.43359
YAHOO,Yahoo_A2synthetic_25_data,0.0,,,0.5,,0.0,0.0,0.0,0.5804,0.39444,2670.95508,1359.43359
YAHOO,Yahoo_A2synthetic_26_data,0.0,,,0.5,,0.0,0.0,0.0,0.56906,0.38584,2670.95508,1359.43359
YAHOO,Yahoo_A2synthetic_27_data,0.0,,,0.5,,0.0,0.0,0.0,0.58314,0.38284,2670.95508,1359.43359
YAHOO,Yahoo_A2synthetic_28_data,0.0,,,0.5,,0.0,0.0,0.0,0.54273,0.38749,2670.95508,1359.43359
YAHOO,Yahoo_A2synthetic_29_data,0.0,,,0.5,,0.0,0.0,0.0,0.53496,0.22838,2670.95508,1359.43359
YAHOO,Yahoo_A2synthetic_2_data,0.0,,,0.5,,0.0,0.0,0.0,0.41295,0.3826,2670.95508,1359.43359
YAHOO,Yahoo_A2synthetic_30_data,0.0,,,0.5,,0.0,0.0,0.0,0.55205,0.38517,2670.95508,1359.43359
YAHOO,Yahoo_A2synthetic_31_data,0.0,,,0.5,,0.0,0.0,0.0,0.53671,0.2759,2670.95508,1359.43359
YAHOO,Yahoo_A2synthetic_32_data,0.0,,,0.5,,0.0,0.0,0.0,0.53414,0.38501,2670.95508,1359.43359
YAHOO,Yahoo_A2synthetic_33_data,0.0,,,0.5,,0.0,0.0,0.0,0.53204,0.39801,2670.95508,1359.43359
YAHOO,Yahoo_A2synthetic_34_data,0.0,,,0.5,,0.0,0.0,0.0,0.43996,0.37782,2670.95508,1359.45703
YAHOO,Yahoo_A2synthetic_35_data,0.0,,,0.5,,0.0,0.0,0.0,0.37903,0.36426,2670.95508,1359.43359
YAHOO,Yahoo_A2synthetic_36_data,0.0,,,0.5,,0.0,0.0,0.0,0.44739,0.30457,2670.95508,1359.43359
YAHOO,Yahoo_A2synthetic_37_data,0.0,,,0.5,,0.0,0.0,0.0,0.50324,0.36715,2670.95508,1359.43359
YAHOO,Yahoo_A2synthetic_38_data,0.0,,,0.5,,0.0,0.0,0.0,0.53119,0.3671,2670.95508,1359.43359
YAHOO,Yahoo_A2synthetic_39_data,0.0,,,0.5,,0.0,0.0,0.0,0.53621,0.36278,2670.95508,1359.43359
YAHOO,Yahoo_A2synthetic_3_data,0.0,,,0.5,,0.0,0.0,0.0,0.54597,0.36797,2670.95508,1359.43359
YAHOO,Yahoo_A2synthetic_40_data,0.0,,,0.5,,0.0,0.0,0.0,0.55333,0.37334,2670.95508,1359.43359
YAHOO,Yahoo_A2synthetic_41_data,0.0,,,0.5,,0.0,0.0,0.0,0.54875,0.35923,2670.95508,1359.43359
YAHOO,Yahoo_A2synthetic_42_data,0.0,,,0.5,,0.0,0.0,0.0,0.46968,0.2646,2670.95508,1359.43359
YAHOO,Yahoo_A2synthetic_43_data,0.0,,,0.5,,0.0,0.0,0.0,0.56125,0.20637,2670.95508,1359.43359
YAHOO,Yahoo_A2synthetic_44_data,0.0,,,0.5,,0.0,0.0,0.0,0.57223,0.2799,2670.95508,1359.43359
YAHOO,Yahoo_A2synthetic_45_data,0.0,,,0.5,,0.0,0.0,0.0,0.46549,0.18279,2670.95508,1359.43359
YAHOO,Yahoo_A2synthetic_46_data,0.0,,,0.5,,0.0,0.0,0.0,0.53631,0.3924,2670.95508,1359.43359
YAHOO,Yahoo_A2synthetic_47_data,0.0,,,0.5,,0.0,0.0,0.0,0.47556,0.2916,2670.95508,1359.43359
YAHOO,Yahoo_A2synthetic_48_data,0.0,,,0.5,,0.0,0.0,0.0,0.41063,0.27851,2670.95508,1359.43359
YAHOO,Yahoo_A2synthetic_49_data,0.0,,,0.5,,0.0,0.0,0.0,0.56839,0.35992,2670.95508,1359.43359
YAHOO,Yahoo_A2synthetic_4_data,0.0,,,0.5,,0.0,0.0,0.0,0.56212,0.37031,2670.95508,1359.43359
YAHOO,Yahoo_A2synthetic_50_data,0.0,,,0.5,,0.0,0.0,0.0,0.56534,0.35941,2670.95508,1359.43359
YAHOO,Yahoo_A2synthetic_51_data,0.0,,,0.5,,0.0,0.0,0.0,0.53203,0.31903,2670.95508,1359.45703
YAHOO,Yahoo_A2synthetic_52_data,0.0,,,0.5,,0.0,0.0,0.0,0.56154,0.3788,2670.95508,1359.43359
YAHOO,Yahoo_A2synthetic_53_data,0.0,,,0.5,,0.0,0.0,0.0,0.54737,0.18687,2670.95508,1359.43359
YAHOO,Yahoo_A2synthetic_54_data,0.0,,,0.5,,0.0,0.0,0.0,0.54878,0.38073,2670.95508,1359.43359
YAHOO,Yahoo_A2synthetic_55_data,0.0,,,0.5,,0.0,0.0,0.0,0.48603,0.19594,2670.95508,1359.43359
YAHOO,Yahoo_A2synthetic_56_data,0.0,,,0.5,,0.0,0.0,0.0,0.56488,0.29506,2670.95508,1359.43359
YAHOO,Yahoo_A2synthetic_57_data,0.0,,,0.5,,0.0,0.0,0.0,0.56553,0.18764,2670.95508,1359.43359
YAHOO,Yahoo_A2synthetic_58_data,0.0,,,0.5,,0.0,0.0,0.0,0.56193,0.21109,2670.95508,1359.43359
YAHOO,Yahoo_A2synthetic_59_data,0.0,,,0.5,,0.0,0.0,0.0,0.56889,0.34796,2670.95508,1359.43359
YAHOO,Yahoo_A2synthetic_5_data,0.0,,,0.5,,0.0,0.0,0.0,0.5293,0.3879,2670.95508,1359.43359
YAHOO,Yahoo_A2synthetic_60_data,0.0,,,0.5,,0.0,0.0,0.0,0.57232,0.36801,2670.95508,1359.43359
YAHOO,Yahoo_A2synthetic_61_data,0.0,,,0.5,,0.0,0.0,0.0,0.48517,0.21089,2670.95508,1359.43359
YAHOO,Yahoo_A2synthetic_62_data,0.0,,,0.5,,0.0,0.0,0.0,0.46158,0.34487,2670.95508,1359.43359
YAHOO,Yahoo_A2synthetic_63_data,0.0,,,0.5,,0.0,0.0,0.0,0.55749,0.22189,2670.95508,1359.43359
YAHOO,Yahoo_A2synthetic_64_data,0.0,,,0.5,,0.0,0.0,0.0,0.55939,0.39858,2670.95508,1359.43359
YAHOO,Yahoo_A2synthetic_65_data,0.0,,,0.5,,0.0,0.0,0.0,0.55152,0.38979,2670.95508,1359.43359
YAHOO,Yahoo_A2synthetic_66_data,0.0,,,0.5,,0.0,0.0,0.0,0.56508,0.24999,2670.95508,1359.43359
YAHOO,Yahoo_A2synthetic_67_data,0.0,,,0.5,,0.0,0.0,0.0,0.4922,0.38229,2670.95508,1359.43359
YAHOO,Yahoo_A2synthetic_68_data,0.0,,,0.5,,0.0,0.0,0.0,0.56121,0.38198,2670.95508,1359.43359
YAHOO,Yahoo_A2synthetic_69_data,0.0,,,0.5,,0.0,0.0,0.0,0.55085,0.18643,2670.95508,1359.45703
YAHOO,Yahoo_A2synthetic_6_data,0.0,,,0.5,,0.0,0.0,0.0,0.55209,0.23508,2670.95508,1359.43359
YAHOO,Yahoo_A2synthetic_70_data,0.0,,,0.5,,0.0,0.0,0.0,0.56246,0.36809,2670.95508,1359.43359
YAHOO,Yahoo_A2synthetic_71_data,0.0,,,0.5,,0.0,0.0,0.0,0.54601,0.39003,2670.95508,1359.43359
YAHOO,Yahoo_A2synthetic_72_data,0.0,,,0.5,,0.0,0.0,0.0,0.55681,0.3864,2670.95508,1359.43359
YAHOO,Yahoo_A2synthetic_73_data,0.0,,,0.5,,0.0,0.0,0.0,0.5539,0.37463,2670.95508,1359.43359
YAHOO,Yahoo_A2synthetic_74_data,0.0,,,0.5,,0.0,0.0,0.0,0.58512,0.38047,2670.95508,1359.43359
YAHOO,Yahoo_A2synthetic_75_data,0.0,,,0.5,,0.0,0.0,0.0,0.55032,0.37871,2670.95508,1359.43359
YAHOO,Yahoo_A2synthetic_76_data,0.0,,,0.5,,0.0,0.0,0.0,0.57444,0.36965,2670.95508,1359.43359
YAHOO,Yahoo_A2synthetic_77_data,0.0,,,0.5,,0.0,0.0,0.0,0.59173,0.37735,2670.95508,1359.43359
YAHOO,Yahoo_A2synthetic_78_data,0.0,,,0.5,,0.0,0.0,0.0,0.55067,0.3663,2670.95508,1359.43359
YAHOO,Yahoo_A2synthetic_79_data,0.0,,,0.5,,0.0,0.0,0.0,0.53963,0.40722,2670.95508,1359.43359
YAHOO,Yahoo_A2synthetic_7_data,0.0,,,0.5,,0.0,0.0,0.0,0.46765,0.20972,2670.95508,1359.43359
YAHOO,Yahoo_A2synthetic_80_data,0.0,,,0.5,,0.0,0.0,0.0,0.5354,0.27678,2670.95508,1359.43359
YAHOO,Yahoo_A2synthetic_81_data,0.0,,,0.5,,0.0,0.0,0.0,0.46315,0.18753,2670.95508,1359.43359
YAHOO,Yahoo_A2synthetic_82_data,0.0,,,0.5,,0.0,0.0,0.0,0.59948,0.39605,2670.95508,1359.43359
YAHOO,Yahoo_A2synthetic_83_data,0.0,,,0.5,,0.0,0.0,0.0,0.41833,0.30991,2670.95508,1359.43359
YAHOO,Yahoo_A2synthetic_84_data,0.0,,,0.5,,0.0,0.0,0.0,0.56995,0.28567,2670.95508,1359.43359
YAHOO,Yahoo_A2synthetic_85_data,0.0,,,0.5,,0.0,0.0,0.0,0.37883,0.25744,2670.95508,1359.43359
YAHOO,Yahoo_A2synthetic_86_data,0.0,,,0.5,,0.0,0.0,0.0,0.53512,0.37313,2670.95508,1359.45703
YAHOO,Yahoo_A2synthetic_87_data,0.0,,,0.5,,0.0,0.0,0.0,0.52531,0.29749,2670.95508,1359.43359
YAHOO,Yahoo_A2synthetic_88_data,0.0,,,0.5,,0.0,0.0,0.0,0.52661,0.36308,2670.95508,1359.43359
YAHOO,Yahoo_A2synthetic_89_data,0.0,,,0.5,,0.0,0.0,0.0,0.53144,0.36134,2670.95508,1359.43359
YAHOO,Yahoo_A2synthetic_8_data,0.0,,,0.5,,0.0,0.0,0.0,0.53102,0.36177,2670.95508,1359.43359
YAHOO,Yahoo_A2synthetic_90_data,0.0,,,0.5,,0.0,0.0,0.0,0.5515,0.29107,2670.95508,1359.43359
YAHOO,Yahoo_A2synthetic_91_data,0.0,,,0.5,,0.0,0.0,0.0,0.54773,0.38298,2670.95508,1359.43359
YAHOO,Yahoo_A2synthetic_92_data,0.0,,,0.5,,0.0,0.0,0.0,0.4519,0.25725,2670.95508,1359.43359
YAHOO,Yahoo_A2synthetic_93_data,0.0,,,0.5,,0.0,0.0,0.0,0.52266,0.38263,2670.95508,1359.43359
YAHOO,Yahoo_A2synthetic_94_data,0.0,,,0.5,,0.0,0.0,0.0,0.49592,0.38255,2670.95508,1359.43359
YAHOO,Yahoo_A2synthetic_95_data,0.0,,,0.5,,0.0,0.0,0.0,0.4525,0.27744,2670.95508,1359.43359
YAHOO,Yahoo_A2synthetic_96_data,0.0,,,0.5,,0.0,0.0,0.0,0.55619,0.29023,2670.95508,1359.43359
YAHOO,Yahoo_A2synthetic_97_data,0.0,,,0.5,,0.0,0.0,0.0,0.55987,0.30919,2670.95508,1359.43359
YAHOO,Yahoo_A2synthetic_98_data,0.0,,,0.5,,0.0,0.0,0.0,0.5236,0.3672,2670.95508,1359.43359
YAHOO,Yahoo_A2synthetic_99_data,0.0,,,0.5,,0.0,0.0,0.0,0.3798,0.18371,2670.95508,1359.43359
YAHOO,Yahoo_A2synthetic_9_data,0.0,,,0.5,,0.0,0.0,0.0,0.35399,0.24343,2670.95508,1359.43359
